,id,product_category_name,product_name_lenght,product_description_lenght,product_photos_qty,product_weight_g,product_length_cm,product_height_cm,product_width_cm,order_id,order_item_id,product_id,seller_id,shipping_limit_date,price,freight_value,seller_zip_code_prefix,seller_city,seller_state
6,ba63ad9eaf3dc6369f8187e7251c0870,perfumaria,38.0,1813.0,3.0,5850.0,27.0,20.0,35.0,090d23542dd542b9a9e25fa9d5d9e528,1,ba63ad9eaf3dc6369f8187e7251c0870,5670f4db5b62c43d542e1b2d56b0cf7c,2018-06-11 14:52:02,349.97,59.0,3694,sao paulo,SP
7,ba63ad9eaf3dc6369f8187e7251c0870,perfumaria,38.0,1813.0,3.0,5850.0,27.0,20.0,35.0,25b0aadbfdbdc6fcc91820762f6aaf35,1,ba63ad9eaf3dc6369f8187e7251c0870,5670f4db5b62c43d542e1b2d56b0cf7c,2018-08-20 22:50:22,349.97,37.8,3694,sao paulo,SP
10,d6c69817b519edddbf1b289631b7160e,perfumaria,38.0,1813.0,3.0,4800.0,27.0,20.0,35.0,154f3e62bb635300cf9a1d6c4940636d,1,d6c69817b519edddbf1b289631b7160e,5670f4db5b62c43d542e1b2d56b0cf7c,2018-06-11 00:52:25,349.97,16.54,3694,sao paulo,SP
11,d6c69817b519edddbf1b289631b7160e,perfumaria,38.0,1813.0,3.0,4800.0,27.0,20.0,35.0,2ab10ab526351fd3b05219e9eb4f7d9f,1,d6c69817b519edddbf1b289631b7160e,5670f4db5b62c43d542e1b2d56b0cf7c,2018-06-17 22:31:19,349.97,16.76,3694,sao paulo,SP
12,d6c69817b519edddbf1b289631b7160e,perfumaria,38.0,1813.0,3.0,4800.0,27.0,20.0,35.0,a29c6282a6e4ec30881051cfaa99029c,1,d6c69817b519edddbf1b289631b7160e,5670f4db5b62c43d542e1b2d56b0cf7c,2018-06-22 17:31:11,349.97,25.25,3694,sao paulo,SP
13,d6c69817b519edddbf1b289631b7160e,perfumaria,38.0,1813.0,3.0,4800.0,27.0,20.0,35.0,dd8685cc92ade5d98e60812dfaffb087,1,d6c69817b519edddbf1b289631b7160e,5670f4db5b62c43d542e1b2d56b0cf7c,2018-06-12 15:50:13,349.97,50.06,3694,sao paulo,SP
14,ac8af924237ed4591dc8d9b8c6a935f0,perfumaria,41.0,2282.0,4.0,6100.0,30.0,40.0,30.0,4c3a834add3595c42eaefa65d28d6fbe,1,ac8af924237ed4591dc8d9b8c6a935f0,5670f4db5b62c43d542e1b2d56b0cf7c,2018-08-16 22:15:13,682.98,45.76,3694,sao paulo,SP
15,ac8af924237ed4591dc8d9b8c6a935f0,perfumaria,41.0,2282.0,4.0,6100.0,30.0,40.0,30.0,5bebe0296b65287e94b489cd279782cc,1,ac8af924237ed4591dc8d9b8c6a935f0,5670f4db5b62c43d542e1b2d56b0cf7c,2018-08-21 11:50:59,682.98,20.08,3694,sao paulo,SP
16,ac8af924237ed4591dc8d9b8c6a935f0,perfumaria,41.0,2282.0,4.0,6100.0,30.0,40.0,30.0,c2d986bdce3f3823bbd8b8b4e37f5727,1,ac8af924237ed4591dc8d9b8c6a935f0,5670f4db5b62c43d542e1b2d56b0cf7c,2018-07-26 09:32:06,682.98,69.23,3694,sao paulo,SP
17,ac8af924237ed4591dc8d9b8c6a935f0,perfumaria,41.0,2282.0,4.0,6100.0,30.0,40.0,30.0,e2e6ee1ed2d7f2f36b05d234983bd7a0,1,ac8af924237ed4591dc8d9b8c6a935f0,5670f4db5b62c43d542e1b2d56b0cf7c,2018-08-01 09:50:20,682.98,69.23,3694,sao paulo,SP
18,ac8af924237ed4591dc8d9b8c6a935f0,perfumaria,41.0,2282.0,4.0,6100.0,30.0,40.0,30.0,ea9c1cc0e0584ca0228d483668d95799,1,ac8af924237ed4591dc8d9b8c6a935f0,5670f4db5b62c43d542e1b2d56b0cf7c,2018-05-24 17:55:25,682.98,27.36,3694,sao paulo,SP
21,26c48bbde38fc8ca6a01eff68015e35d,perfumaria,39.0,1813.0,3.0,3000.0,27.0,20.0,35.0,45714388825b2025b19af04c84924cdd,1,26c48bbde38fc8ca6a01eff68015e35d,5670f4db5b62c43d542e1b2d56b0cf7c,2018-06-12 09:30:19,349.97,25.03,3694,sao paulo,SP
12281,0d009643171aee696f4733340bc2fdd0,perfumaria,52.0,150.0,1.0,422.0,21.0,16.0,18.0,24b1c4d88fdb7a2dc87f8ecc7d8f47f1,1,0d009643171aee696f4733340bc2fdd0,fe2032dab1a61af8794248c8196565c9,2017-08-03 09:50:14,339.0,17.13,13030,campinas,SP
12282,0d009643171aee696f4733340bc2fdd0,perfumaria,52.0,150.0,1.0,422.0,21.0,16.0,18.0,8e8fcb8fffd60bb3f6fbd647c6149286,1,0d009643171aee696f4733340bc2fdd0,fe2032dab1a61af8794248c8196565c9,2017-08-28 14:26:28,339.0,18.11,13030,campinas,SP
12283,0d009643171aee696f4733340bc2fdd0,perfumaria,52.0,150.0,1.0,422.0,21.0,16.0,18.0,99b5479599753883c7355ca6cb95b2c1,1,0d009643171aee696f4733340bc2fdd0,fe2032dab1a61af8794248c8196565c9,2017-08-11 11:23:28,339.0,20.91,13030,campinas,SP
12284,0d009643171aee696f4733340bc2fdd0,perfumaria,52.0,150.0,1.0,422.0,21.0,16.0,18.0,99b5479599753883c7355ca6cb95b2c1,2,0d009643171aee696f4733340bc2fdd0,fe2032dab1a61af8794248c8196565c9,2017-08-11 11:23:28,339.0,20.91,13030,campinas,SP
12285,0d009643171aee696f4733340bc2fdd0,perfumaria,52.0,150.0,1.0,422.0,21.0,16.0,18.0,9eecf4b8716283fcb0f026e1308cc805,1,0d009643171aee696f4733340bc2fdd0,fe2032dab1a61af8794248c8196565c9,2017-07-12 03:15:08,339.0,20.91,13030,campinas,SP
12286,0d009643171aee696f4733340bc2fdd0,perfumaria,52.0,150.0,1.0,422.0,21.0,16.0,18.0,a7236413cd736310eb6cba19e4f4c3d8,1,0d009643171aee696f4733340bc2fdd0,fe2032dab1a61af8794248c8196565c9,2017-06-05 14:55:18,339.0,17.12,13030,campinas,SP
12287,0d009643171aee696f4733340bc2fdd0,perfumaria,52.0,150.0,1.0,422.0,21.0,16.0,18.0,b034b38968b7bc21648e36e05d2eb09f,1,0d009643171aee696f4733340bc2fdd0,fe2032dab1a61af8794248c8196565c9,2017-08-31 16:25:17,339.0,11.19,13030,campinas,SP
12288,0d009643171aee696f4733340bc2fdd0,perfumaria,52.0,150.0,1.0,422.0,21.0,16.0,18.0,b92ef17170294d7b2fc093e20bd305c9,1,0d009643171aee696f4733340bc2fdd0,fe2032dab1a61af8794248c8196565c9,2017-06-05 13:55:10,339.0,17.12,13030,campinas,SP
12292,c20fbbd4ccf2f7da70e150689a6a905f,perfumaria,47.0,723.0,1.0,455.0,21.0,15.0,17.0,519ce376ccc4703b7e1335fb7df67694,1,c20fbbd4ccf2f7da70e150689a6a905f,fe2032dab1a61af8794248c8196565c9,2018-01-02 18:28:03,308.0,15.91,13030,campinas,SP
12293,b91b152754992edb9a83710c87a9427e,perfumaria,55.0,700.0,1.0,500.0,23.0,8.0,15.0,21b6a31c126b44d94eed3a4ee2e739c6,1,b91b152754992edb9a83710c87a9427e,fe2032dab1a61af8794248c8196565c9,2018-03-22 20:50:49,475.0,11.09,13030,campinas,SP
12294,b91b152754992edb9a83710c87a9427e,perfumaria,55.0,700.0,1.0,500.0,23.0,8.0,15.0,47073fb1adb2b41ef8bba8c77d8ed86f,1,b91b152754992edb9a83710c87a9427e,fe2032dab1a61af8794248c8196565c9,2018-05-16 23:17:42,519.0,16.07,13030,campinas,SP
12295,3b31b57a9cdf87158977c3188a8dfa5a,perfumaria,50.0,509.0,1.0,543.0,24.0,13.0,18.0,b6ec449b625527c7375b5d1801d19818,1,3b31b57a9cdf87158977c3188a8dfa5a,fe2032dab1a61af8794248c8196565c9,2018-04-09 21:49:38,329.9,21.28,13030,campinas,SP
12309,1782400950423c9b12600278b8ef65d3,perfumaria,58.0,553.0,1.0,567.0,23.0,15.0,16.0,48a043c45028f3caaabe84abb2316c51,1,1782400950423c9b12600278b8ef65d3,fe2032dab1a61af8794248c8196565c9,2017-11-30 01:31:30,419.0,12.15,13030,campinas,SP
12310,1782400950423c9b12600278b8ef65d3,perfumaria,58.0,553.0,1.0,567.0,23.0,15.0,16.0,50eeaae0716800e6a5e870e9a05edd41,1,1782400950423c9b12600278b8ef65d3,fe2032dab1a61af8794248c8196565c9,2017-11-30 10:38:31,419.0,20.5,13030,campinas,SP
12311,1782400950423c9b12600278b8ef65d3,perfumaria,58.0,553.0,1.0,567.0,23.0,15.0,16.0,511854b706288fb7c853f22f68f1ab37,1,1782400950423c9b12600278b8ef65d3,fe2032dab1a61af8794248c8196565c9,2018-02-01 06:31:26,419.9,11.75,13030,campinas,SP
12312,1782400950423c9b12600278b8ef65d3,perfumaria,58.0,553.0,1.0,567.0,23.0,15.0,16.0,a2c59c47f95c0845b1c8a7f994d91975,1,1782400950423c9b12600278b8ef65d3,fe2032dab1a61af8794248c8196565c9,2017-12-18 21:11:34,439.0,17.83,13030,campinas,SP
12313,1782400950423c9b12600278b8ef65d3,perfumaria,58.0,553.0,1.0,567.0,23.0,15.0,16.0,c0ac0672fbc1b9f9424dc334437a3564,1,1782400950423c9b12600278b8ef65d3,fe2032dab1a61af8794248c8196565c9,2017-11-17 08:30:24,419.0,21.47,13030,campinas,SP
12314,1782400950423c9b12600278b8ef65d3,perfumaria,58.0,553.0,1.0,567.0,23.0,15.0,16.0,cf5a5b72cc9714b2afbbb79d472baaf1,1,1782400950423c9b12600278b8ef65d3,fe2032dab1a61af8794248c8196565c9,2017-12-01 11:35:37,419.0,17.69,13030,campinas,SP
12315,1782400950423c9b12600278b8ef65d3,perfumaria,58.0,553.0,1.0,567.0,23.0,15.0,16.0,f3a5594ec1dbbdb286b45516754c5655,1,1782400950423c9b12600278b8ef65d3,fe2032dab1a61af8794248c8196565c9,2018-02-13 15:30:34,419.9,11.75,13030,campinas,SP
12349,040fe1cdb263eb2c9b1322875b0afcb7,perfumaria,36.0,561.0,1.0,2303.0,26.0,15.0,23.0,53016e8472a79f05b793c071c03ae18e,1,040fe1cdb263eb2c9b1322875b0afcb7,fe2032dab1a61af8794248c8196565c9,2018-05-25 12:14:56,416.5,11.27,13030,campinas,SP
12350,040fe1cdb263eb2c9b1322875b0afcb7,perfumaria,36.0,561.0,1.0,2303.0,26.0,15.0,23.0,897846300466b8aa40902abef9250b14,1,040fe1cdb263eb2c9b1322875b0afcb7,fe2032dab1a61af8794248c8196565c9,2018-06-21 13:16:39,416.5,11.08,13030,campinas,SP
12351,040fe1cdb263eb2c9b1322875b0afcb7,perfumaria,36.0,561.0,1.0,2303.0,26.0,15.0,23.0,9fb81511dfc1d6959ed1052930efd8a6,1,040fe1cdb263eb2c9b1322875b0afcb7,fe2032dab1a61af8794248c8196565c9,2018-07-23 11:30:21,489.9,21.53,13030,campinas,SP
12357,e5fe79a5ccd19d20b3b095bf73cf9b5d,perfumaria,37.0,742.0,1.0,258.0,23.0,15.0,18.0,60d9a5e952b00c9a481aa0e3d641b354,1,e5fe79a5ccd19d20b3b095bf73cf9b5d,fe2032dab1a61af8794248c8196565c9,2017-10-09 21:43:46,359.0,10.71,13030,campinas,SP
12358,bacf2de8920bbcaf6f005a30d81391d2,perfumaria,54.0,389.0,1.0,481.0,21.0,14.0,19.0,102f840f0c7fb82a5e0568624b41b3e5,1,bacf2de8920bbcaf6f005a30d81391d2,fe2032dab1a61af8794248c8196565c9,2018-06-13 10:58:58,319.0,18.2,13030,campinas,SP
12359,bacf2de8920bbcaf6f005a30d81391d2,perfumaria,54.0,389.0,1.0,481.0,21.0,14.0,19.0,2143f0dfdbb1c47ab7c75c9c097e0173,1,bacf2de8920bbcaf6f005a30d81391d2,fe2032dab1a61af8794248c8196565c9,2018-06-07 14:30:40,319.0,10.97,13030,campinas,SP
12360,bacf2de8920bbcaf6f005a30d81391d2,perfumaria,54.0,389.0,1.0,481.0,21.0,14.0,19.0,498c950b1765883c2a104b8dd227ea90,1,bacf2de8920bbcaf6f005a30d81391d2,fe2032dab1a61af8794248c8196565c9,2018-06-18 13:17:54,319.0,11.36,13030,campinas,SP
12361,bacf2de8920bbcaf6f005a30d81391d2,perfumaria,54.0,389.0,1.0,481.0,21.0,14.0,19.0,69e1614e5770f92d02af5b0f875c11b4,1,bacf2de8920bbcaf6f005a30d81391d2,fe2032dab1a61af8794248c8196565c9,2018-06-15 15:05:54,319.0,40.5,13030,campinas,SP
12362,bacf2de8920bbcaf6f005a30d81391d2,perfumaria,54.0,389.0,1.0,481.0,21.0,14.0,19.0,711bc4b2d17a37baad63799a2ce92de1,1,bacf2de8920bbcaf6f005a30d81391d2,fe2032dab1a61af8794248c8196565c9,2018-06-26 03:17:52,319.0,18.42,13030,campinas,SP
12363,bacf2de8920bbcaf6f005a30d81391d2,perfumaria,54.0,389.0,1.0,481.0,21.0,14.0,19.0,e18b75b8b2ba4ce613d10b2fd820aef9,1,bacf2de8920bbcaf6f005a30d81391d2,fe2032dab1a61af8794248c8196565c9,2018-08-02 13:05:14,319.0,17.33,13030,campinas,SP
12367,e1608f467393da59b31f1b40b536548d,perfumaria,60.0,236.0,1.0,478.0,19.0,16.0,19.0,8e8fcb8fffd60bb3f6fbd647c6149286,2,e1608f467393da59b31f1b40b536548d,fe2032dab1a61af8794248c8196565c9,2017-08-28 14:26:28,339.9,18.16,13030,campinas,SP
12368,e1608f467393da59b31f1b40b536548d,perfumaria,60.0,236.0,1.0,478.0,19.0,16.0,19.0,ad66f64c10df4649e7b50b942f5f4bd8,1,e1608f467393da59b31f1b40b536548d,fe2032dab1a61af8794248c8196565c9,2017-07-21 18:55:17,339.9,10.94,13030,campinas,SP
12369,e1608f467393da59b31f1b40b536548d,perfumaria,60.0,236.0,1.0,478.0,19.0,16.0,19.0,c4fcb1aaed780b8c213652b55617ce14,1,e1608f467393da59b31f1b40b536548d,fe2032dab1a61af8794248c8196565c9,2017-09-12 00:03:31,339.9,18.14,13030,campinas,SP
12399,067c68a19be5d218b092cf260bfbd9cb,perfumaria,46.0,359.0,1.0,440.0,19.0,13.0,21.0,5a02cf91e6ef1031cf794d1cb430fecc,1,067c68a19be5d218b092cf260bfbd9cb,fe2032dab1a61af8794248c8196565c9,2018-04-12 09:30:23,339.0,10.14,13030,campinas,SP
12413,bbaa976a69c3a1594ebc1fc560f62978,perfumaria,46.0,489.0,1.0,728.0,23.0,15.0,16.0,ec1eeceac0fd882558b0f3976149e64d,1,bbaa976a69c3a1594ebc1fc560f62978,fe2032dab1a61af8794248c8196565c9,2018-04-05 10:48:01,399.0,54.92,13030,campinas,SP
12558,3cb86c99e14bcf5a24bea6305c171a75,perfumaria,43.0,832.0,2.0,463.0,20.0,12.0,18.0,6167cbcf55c4f79a6a86d57b3b7e7a2f,1,3cb86c99e14bcf5a24bea6305c171a75,fe2032dab1a61af8794248c8196565c9,2017-07-03 11:04:19,329.0,17.06,13030,campinas,SP
12608,fca5350a69eb4d8ae4f5884413ebd0e5,perfumaria,36.0,220.0,1.0,400.0,16.0,18.0,11.0,6182a6a2883cf658f3a1988d3b962361,1,fca5350a69eb4d8ae4f5884413ebd0e5,7178f9f4dd81dcef02f62acdf8151e01,2017-12-05 00:56:42,310.0,16.92,89560,videira,SC
12688,6c69e1be6be2ab7ad5a9e4fe8a763b7f,perfumaria,34.0,315.0,1.0,500.0,16.0,16.0,20.0,1c8166cad99e5856dfb7d622902c623c,1,6c69e1be6be2ab7ad5a9e4fe8a763b7f,7178f9f4dd81dcef02f62acdf8151e01,2017-12-06 10:32:37,339.0,17.12,89560,videira,SC
12689,6c69e1be6be2ab7ad5a9e4fe8a763b7f,perfumaria,34.0,315.0,1.0,500.0,16.0,16.0,20.0,2b73dbb992c0aa00a2f031c7222d8792,1,6c69e1be6be2ab7ad5a9e4fe8a763b7f,7178f9f4dd81dcef02f62acdf8151e01,2017-08-09 08:44:14,339.0,27.65,89560,videira,SC
12690,6c69e1be6be2ab7ad5a9e4fe8a763b7f,perfumaria,34.0,315.0,1.0,500.0,16.0,16.0,20.0,e7b3238f912e9efb45f970a33d3ac10c,1,6c69e1be6be2ab7ad5a9e4fe8a763b7f,7178f9f4dd81dcef02f62acdf8151e01,2017-12-04 11:29:23,339.0,14.62,89560,videira,SC
12691,6c69e1be6be2ab7ad5a9e4fe8a763b7f,perfumaria,34.0,315.0,1.0,500.0,16.0,16.0,20.0,f492581043b9d6d7074632e08a60c07d,1,6c69e1be6be2ab7ad5a9e4fe8a763b7f,7178f9f4dd81dcef02f62acdf8151e01,2017-08-25 01:25:07,339.0,27.65,89560,videira,SC
12692,6c69e1be6be2ab7ad5a9e4fe8a763b7f,perfumaria,34.0,315.0,1.0,500.0,16.0,16.0,20.0,f63bea61c8cd128d3e53d7c07d94a7ee,1,6c69e1be6be2ab7ad5a9e4fe8a763b7f,7178f9f4dd81dcef02f62acdf8151e01,2017-12-06 16:15:24,339.0,56.04,89560,videira,SC
12694,1c3a3b443f2cc220733fbd7b49841187,perfumaria,52.0,795.0,1.0,453.0,21.0,11.0,14.0,4934625cf407c998d90cf5a58075e0f1,1,1c3a3b443f2cc220733fbd7b49841187,7178f9f4dd81dcef02f62acdf8151e01,2018-02-20 14:54:58,324.0,17.02,89560,videira,SC
12695,1c3a3b443f2cc220733fbd7b49841187,perfumaria,52.0,795.0,1.0,453.0,21.0,11.0,14.0,d7bf53fc0c235f32fd61f11e6cc99a2a,1,1c3a3b443f2cc220733fbd7b49841187,7178f9f4dd81dcef02f62acdf8151e01,2018-01-30 12:34:05,324.0,14.52,89560,videira,SC
12710,fb0e979620b2fd991a12edd108fc83f3,perfumaria,28.0,268.0,1.0,550.0,16.0,16.0,11.0,5b244cf7290c20fb5ffbdefa2845cbf0,1,fb0e979620b2fd991a12edd108fc83f3,7178f9f4dd81dcef02f62acdf8151e01,2018-07-10 11:30:23,394.8,25.45,89560,videira,SC
12711,fb0e979620b2fd991a12edd108fc83f3,perfumaria,28.0,268.0,1.0,550.0,16.0,16.0,11.0,64a34bd8faf1ed47e5d3fa8627431a3a,1,fb0e979620b2fd991a12edd108fc83f3,7178f9f4dd81dcef02f62acdf8151e01,2017-12-20 16:53:24,310.0,44.2,89560,videira,SC
12713,fb0e979620b2fd991a12edd108fc83f3,perfumaria,28.0,268.0,1.0,550.0,16.0,16.0,11.0,7ed504f74d87e1d685166f9fcc73eeeb,1,fb0e979620b2fd991a12edd108fc83f3,7178f9f4dd81dcef02f62acdf8151e01,2017-12-28 13:29:50,310.0,18.61,89560,videira,SC
12714,fb0e979620b2fd991a12edd108fc83f3,perfumaria,28.0,268.0,1.0,550.0,16.0,16.0,11.0,8e065a60bb13d2bd598f70ea6a4e7f4c,1,fb0e979620b2fd991a12edd108fc83f3,7178f9f4dd81dcef02f62acdf8151e01,2018-02-09 00:52:16,329.0,17.05,89560,videira,SC
12760,287398c3a5da555d519e464b674c1955,perfumaria,60.0,561.0,1.0,550.0,16.0,16.0,11.0,2787a8bf248d663260b0d2bb270a951f,1,287398c3a5da555d519e464b674c1955,7178f9f4dd81dcef02f62acdf8151e01,2017-11-29 02:15:26,449.0,20.71,89560,videira,SC
12762,e4d325bd1eea550509bdbbc5c3301fc1,perfumaria,59.0,874.0,1.0,525.0,16.0,16.0,18.0,11dd41a0dbb00ead97fe3c687ce9857e,1,e4d325bd1eea550509bdbbc5c3301fc1,7178f9f4dd81dcef02f62acdf8151e01,2017-10-03 08:03:57,349.9,18.21,89560,videira,SC
12763,e4d325bd1eea550509bdbbc5c3301fc1,perfumaria,59.0,874.0,1.0,525.0,16.0,16.0,18.0,17421d31a07ce8e9c61fe6b1adecfdaf,1,e4d325bd1eea550509bdbbc5c3301fc1,7178f9f4dd81dcef02f62acdf8151e01,2017-08-01 08:35:18,340.0,17.13,89560,videira,SC
12764,e4d325bd1eea550509bdbbc5c3301fc1,perfumaria,59.0,874.0,1.0,525.0,16.0,16.0,18.0,19e225ef3a439fce99ce796eb1972cfb,1,e4d325bd1eea550509bdbbc5c3301fc1,7178f9f4dd81dcef02f62acdf8151e01,2017-12-12 19:13:24,349.9,18.21,89560,videira,SC
12765,e4d325bd1eea550509bdbbc5c3301fc1,perfumaria,59.0,874.0,1.0,525.0,16.0,16.0,18.0,229c6f4c4900cdfacac89de57227e7cf,1,e4d325bd1eea550509bdbbc5c3301fc1,7178f9f4dd81dcef02f62acdf8151e01,2018-01-30 16:59:48,349.9,18.21,89560,videira,SC
12766,e4d325bd1eea550509bdbbc5c3301fc1,perfumaria,59.0,874.0,1.0,525.0,16.0,16.0,18.0,3cfcc0ca272d41bdfa5d2ec747019f73,1,e4d325bd1eea550509bdbbc5c3301fc1,7178f9f4dd81dcef02f62acdf8151e01,2018-04-16 08:10:15,379.9,11.57,89560,videira,SC
12767,e4d325bd1eea550509bdbbc5c3301fc1,perfumaria,59.0,874.0,1.0,525.0,16.0,16.0,18.0,3fa7ae01a5f654e3cdd31aa461a42de3,1,e4d325bd1eea550509bdbbc5c3301fc1,7178f9f4dd81dcef02f62acdf8151e01,2018-03-13 02:10:11,349.9,17.0,89560,videira,SC
12768,e4d325bd1eea550509bdbbc5c3301fc1,perfumaria,59.0,874.0,1.0,525.0,16.0,16.0,18.0,3faf126d8a3b0684272791cd3c6cf3fe,1,e4d325bd1eea550509bdbbc5c3301fc1,7178f9f4dd81dcef02f62acdf8151e01,2018-03-06 14:28:09,349.9,18.21,89560,videira,SC
12769,e4d325bd1eea550509bdbbc5c3301fc1,perfumaria,59.0,874.0,1.0,525.0,16.0,16.0,18.0,4d6f99dd1c15b51cdaf72f7b14223d26,1,e4d325bd1eea550509bdbbc5c3301fc1,7178f9f4dd81dcef02f62acdf8151e01,2018-03-14 15:10:29,349.9,20.02,89560,videira,SC
12770,e4d325bd1eea550509bdbbc5c3301fc1,perfumaria,59.0,874.0,1.0,525.0,16.0,16.0,18.0,4f709a231b1d99a9e12f4f86f458dbcb,1,e4d325bd1eea550509bdbbc5c3301fc1,7178f9f4dd81dcef02f62acdf8151e01,2018-01-23 12:54:49,349.9,18.21,89560,videira,SC
12771,e4d325bd1eea550509bdbbc5c3301fc1,perfumaria,59.0,874.0,1.0,525.0,16.0,16.0,18.0,51be07c62b185afd2755c54ca70e2b9d,1,e4d325bd1eea550509bdbbc5c3301fc1,7178f9f4dd81dcef02f62acdf8151e01,2018-03-27 17:30:52,349.9,23.6,89560,videira,SC
12772,e4d325bd1eea550509bdbbc5c3301fc1,perfumaria,59.0,874.0,1.0,525.0,16.0,16.0,18.0,5310cf324a1a27c9898c110e463fdd10,1,e4d325bd1eea550509bdbbc5c3301fc1,7178f9f4dd81dcef02f62acdf8151e01,2018-03-16 02:10:43,349.9,21.42,89560,videira,SC
12773,e4d325bd1eea550509bdbbc5c3301fc1,perfumaria,59.0,874.0,1.0,525.0,16.0,16.0,18.0,6480f18f7594419854143fa969cd9bf4,1,e4d325bd1eea550509bdbbc5c3301fc1,7178f9f4dd81dcef02f62acdf8151e01,2017-12-14 13:17:24,349.9,17.0,89560,videira,SC
12774,e4d325bd1eea550509bdbbc5c3301fc1,perfumaria,59.0,874.0,1.0,525.0,16.0,16.0,18.0,64834bc188a370357ed08e9eabe5f92e,1,e4d325bd1eea550509bdbbc5c3301fc1,7178f9f4dd81dcef02f62acdf8151e01,2018-08-30 22:10:18,455.88,55.54,89560,videira,SC
12775,e4d325bd1eea550509bdbbc5c3301fc1,perfumaria,59.0,874.0,1.0,525.0,16.0,16.0,18.0,6938607d864e891477d4b5d25ad507eb,1,e4d325bd1eea550509bdbbc5c3301fc1,7178f9f4dd81dcef02f62acdf8151e01,2017-09-20 01:23:59,340.0,18.14,89560,videira,SC
12776,e4d325bd1eea550509bdbbc5c3301fc1,perfumaria,59.0,874.0,1.0,525.0,16.0,16.0,18.0,750a04aefe91727a7ab2b2d3f2beba3d,1,e4d325bd1eea550509bdbbc5c3301fc1,7178f9f4dd81dcef02f62acdf8151e01,2018-03-15 10:09:27,349.9,21.42,89560,videira,SC
12777,e4d325bd1eea550509bdbbc5c3301fc1,perfumaria,59.0,874.0,1.0,525.0,16.0,16.0,18.0,88e06e052985636ec90e5e7337150b62,1,e4d325bd1eea550509bdbbc5c3301fc1,7178f9f4dd81dcef02f62acdf8151e01,2018-05-20 22:31:58,379.9,11.83,89560,videira,SC
12778,e4d325bd1eea550509bdbbc5c3301fc1,perfumaria,59.0,874.0,1.0,525.0,16.0,16.0,18.0,8ce77357a26f31660e1450dee7900897,1,e4d325bd1eea550509bdbbc5c3301fc1,7178f9f4dd81dcef02f62acdf8151e01,2017-11-22 13:30:42,349.9,20.02,89560,videira,SC
12779,e4d325bd1eea550509bdbbc5c3301fc1,perfumaria,59.0,874.0,1.0,525.0,16.0,16.0,18.0,93b590057f946fba0bb236c96d384a89,1,e4d325bd1eea550509bdbbc5c3301fc1,7178f9f4dd81dcef02f62acdf8151e01,2018-05-23 14:57:08,379.9,21.63,89560,videira,SC
12780,e4d325bd1eea550509bdbbc5c3301fc1,perfumaria,59.0,874.0,1.0,525.0,16.0,16.0,18.0,a3c3508e603e9411b2b69972993bd079,1,e4d325bd1eea550509bdbbc5c3301fc1,7178f9f4dd81dcef02f62acdf8151e01,2017-12-18 03:15:47,349.9,20.02,89560,videira,SC
12781,e4d325bd1eea550509bdbbc5c3301fc1,perfumaria,59.0,874.0,1.0,525.0,16.0,16.0,18.0,aae8472758df40ecf63fa417bfbe1329,1,e4d325bd1eea550509bdbbc5c3301fc1,7178f9f4dd81dcef02f62acdf8151e01,2017-12-29 05:10:40,349.9,18.21,89560,videira,SC
12782,e4d325bd1eea550509bdbbc5c3301fc1,perfumaria,59.0,874.0,1.0,525.0,16.0,16.0,18.0,ab2bbb9188a3ad23926472cabceb9d4d,1,e4d325bd1eea550509bdbbc5c3301fc1,7178f9f4dd81dcef02f62acdf8151e01,2018-03-20 21:55:35,349.9,21.42,89560,videira,SC
12783,e4d325bd1eea550509bdbbc5c3301fc1,perfumaria,59.0,874.0,1.0,525.0,16.0,16.0,18.0,ade74a481419f780807e4b4149e1c49b,1,e4d325bd1eea550509bdbbc5c3301fc1,7178f9f4dd81dcef02f62acdf8151e01,2017-08-21 21:45:16,340.0,18.82,89560,videira,SC
12784,e4d325bd1eea550509bdbbc5c3301fc1,perfumaria,59.0,874.0,1.0,525.0,16.0,16.0,18.0,c566b950d2202b136e2ae899fc0f5df4,1,e4d325bd1eea550509bdbbc5c3301fc1,7178f9f4dd81dcef02f62acdf8151e01,2018-03-13 07:15:24,349.9,18.21,89560,videira,SC
12785,e4d325bd1eea550509bdbbc5c3301fc1,perfumaria,59.0,874.0,1.0,525.0,16.0,16.0,18.0,c782094350460d47f0f37a41f40858ec,1,e4d325bd1eea550509bdbbc5c3301fc1,7178f9f4dd81dcef02f62acdf8151e01,2018-04-24 02:30:47,379.9,20.12,89560,videira,SC
12786,e4d325bd1eea550509bdbbc5c3301fc1,perfumaria,59.0,874.0,1.0,525.0,16.0,16.0,18.0,cf29caf0e02f08eb80d5d8bbc31565ca,1,e4d325bd1eea550509bdbbc5c3301fc1,7178f9f4dd81dcef02f62acdf8151e01,2017-12-20 09:30:20,349.9,37.77,89560,videira,SC
12787,e4d325bd1eea550509bdbbc5c3301fc1,perfumaria,59.0,874.0,1.0,525.0,16.0,16.0,18.0,db0bd04c3beff2d041d364ce8d96b2f0,1,e4d325bd1eea550509bdbbc5c3301fc1,7178f9f4dd81dcef02f62acdf8151e01,2018-08-27 10:50:09,455.88,26.34,89560,videira,SC
12788,e4d325bd1eea550509bdbbc5c3301fc1,perfumaria,59.0,874.0,1.0,525.0,16.0,16.0,18.0,e910cff0c2911f3ca876a47602557c45,1,e4d325bd1eea550509bdbbc5c3301fc1,7178f9f4dd81dcef02f62acdf8151e01,2018-03-27 19:35:24,349.9,23.6,89560,videira,SC
12789,e4d325bd1eea550509bdbbc5c3301fc1,perfumaria,59.0,874.0,1.0,525.0,16.0,16.0,18.0,ee8bf4127ce5d16fe9b6e5a9a58a17e4,1,e4d325bd1eea550509bdbbc5c3301fc1,7178f9f4dd81dcef02f62acdf8151e01,2018-01-30 20:20:19,349.9,20.02,89560,videira,SC
12790,e4d325bd1eea550509bdbbc5c3301fc1,perfumaria,59.0,874.0,1.0,525.0,16.0,16.0,18.0,f84e76524c8a195a6b135461719b0c09,1,e4d325bd1eea550509bdbbc5c3301fc1,7178f9f4dd81dcef02f62acdf8151e01,2018-02-09 13:47:00,349.9,18.21,89560,videira,SC
12791,e4d325bd1eea550509bdbbc5c3301fc1,perfumaria,59.0,874.0,1.0,525.0,16.0,16.0,18.0,fccfd7d65e6d0ffd540eebaf81c2a29b,1,e4d325bd1eea550509bdbbc5c3301fc1,7178f9f4dd81dcef02f62acdf8151e01,2017-09-27 23:05:15,349.9,18.21,89560,videira,SC
12801,8b13342c7e5cfac764027523312cdf74,perfumaria,41.0,225.0,1.0,900.0,16.0,16.0,11.0,69b5bed2f63d703cc230ecce9fa7d86a,1,8b13342c7e5cfac764027523312cdf74,7178f9f4dd81dcef02f62acdf8151e01,2018-01-17 18:32:13,410.0,17.62,89560,videira,SC
12803,0d009643171aee696f4733340bc2fdd0,perfumaria,52.0,150.0,1.0,422.0,21.0,16.0,18.0,a84a0bd528e053f6b266e21bb1111e3f,1,0d009643171aee696f4733340bc2fdd0,620c87c171fb2a6dd6e8bb4dec959fc6,2018-07-09 20:31:35,319.9,15.45,25645,petropolis,RJ
12807,c20fbbd4ccf2f7da70e150689a6a905f,perfumaria,47.0,723.0,1.0,455.0,21.0,15.0,17.0,0d66368d8615f7b306db970f3ba475ee,1,c20fbbd4ccf2f7da70e150689a6a905f,620c87c171fb2a6dd6e8bb4dec959fc6,2017-09-14 10:30:28,309.9,9.91,25645,petropolis,RJ
12854,b7b00b45c6be180aba844784c6769d12,perfumaria,48.0,344.0,1.0,750.0,20.0,15.0,15.0,06d614f169d6f1a04c85b382d4bd462c,1,b7b00b45c6be180aba844784c6769d12,620c87c171fb2a6dd6e8bb4dec959fc6,2017-11-30 08:33:34,359.9,14.52,25645,petropolis,RJ
12855,b7b00b45c6be180aba844784c6769d12,perfumaria,48.0,344.0,1.0,750.0,20.0,15.0,15.0,465e0536b29a94542aa63d8546a3981a,1,b7b00b45c6be180aba844784c6769d12,620c87c171fb2a6dd6e8bb4dec959fc6,2018-06-12 21:30:47,359.9,16.46,25645,petropolis,RJ
12893,e9eebb8e8ba0fadb9020f8ba1c003b48,perfumaria,36.0,210.0,1.0,541.0,21.0,15.0,16.0,0132158c30672a8c52997a2492613ec2,1,e9eebb8e8ba0fadb9020f8ba1c003b48,620c87c171fb2a6dd6e8bb4dec959fc6,2017-03-19 23:23:23,399.9,13.41,25645,petropolis,RJ
12894,e9eebb8e8ba0fadb9020f8ba1c003b48,perfumaria,36.0,210.0,1.0,541.0,21.0,15.0,16.0,1cce7dd1eeb53ad0f97744d159ca50a2,1,e9eebb8e8ba0fadb9020f8ba1c003b48,620c87c171fb2a6dd6e8bb4dec959fc6,2017-02-18 08:14:47,379.9,16.83,25645,petropolis,RJ
12895,e9eebb8e8ba0fadb9020f8ba1c003b48,perfumaria,36.0,210.0,1.0,541.0,21.0,15.0,16.0,469e8e6e5a8946a3ba0e0835ae771e6b,1,e9eebb8e8ba0fadb9020f8ba1c003b48,620c87c171fb2a6dd6e8bb4dec959fc6,2017-02-14 14:34:59,379.9,16.83,25645,petropolis,RJ
12896,e9eebb8e8ba0fadb9020f8ba1c003b48,perfumaria,36.0,210.0,1.0,541.0,21.0,15.0,16.0,5c973d2b4652e1dec15353b59339f3b4,1,e9eebb8e8ba0fadb9020f8ba1c003b48,620c87c171fb2a6dd6e8bb4dec959fc6,2016-10-11 12:13:52,349.9,13.61,25645,petropolis,RJ
12897,e9eebb8e8ba0fadb9020f8ba1c003b48,perfumaria,36.0,210.0,1.0,541.0,21.0,15.0,16.0,78072efdb0265b1a3f43b4881fe9bfc2,1,e9eebb8e8ba0fadb9020f8ba1c003b48,620c87c171fb2a6dd6e8bb4dec959fc6,2017-03-13 11:03:27,389.9,27.29,25645,petropolis,RJ
12898,e9eebb8e8ba0fadb9020f8ba1c003b48,perfumaria,36.0,210.0,1.0,541.0,21.0,15.0,16.0,855e1b20c8aa2964bb871fd9cb5458f5,1,e9eebb8e8ba0fadb9020f8ba1c003b48,620c87c171fb2a6dd6e8bb4dec959fc6,2017-03-06 19:30:18,389.9,16.97,25645,petropolis,RJ
12899,e9eebb8e8ba0fadb9020f8ba1c003b48,perfumaria,36.0,210.0,1.0,541.0,21.0,15.0,16.0,982922a8af746de85725f937892b8a89,1,e9eebb8e8ba0fadb9020f8ba1c003b48,620c87c171fb2a6dd6e8bb4dec959fc6,2017-03-10 13:10:38,389.9,16.97,25645,petropolis,RJ
12900,e9eebb8e8ba0fadb9020f8ba1c003b48,perfumaria,36.0,210.0,1.0,541.0,21.0,15.0,16.0,a8026b902d1c542d5a42d1010f8f752d,1,e9eebb8e8ba0fadb9020f8ba1c003b48,620c87c171fb2a6dd6e8bb4dec959fc6,2017-04-06 13:06:25,329.9,16.48,25645,petropolis,RJ
12901,e9eebb8e8ba0fadb9020f8ba1c003b48,perfumaria,36.0,210.0,1.0,541.0,21.0,15.0,16.0,da755d3951cfe68afca1b5aeddac7d81,1,e9eebb8e8ba0fadb9020f8ba1c003b48,620c87c171fb2a6dd6e8bb4dec959fc6,2017-02-17 14:53:32,379.9,27.15,25645,petropolis,RJ
12902,e9eebb8e8ba0fadb9020f8ba1c003b48,perfumaria,36.0,210.0,1.0,541.0,21.0,15.0,16.0,f1170c260d0d021017645fd94d65d78b,1,e9eebb8e8ba0fadb9020f8ba1c003b48,620c87c171fb2a6dd6e8bb4dec959fc6,2017-03-02 15:10:17,389.9,20.23,25645,petropolis,RJ
12909,c344623528c017d4fa7c51cb56d17a98,perfumaria,32.0,703.0,1.0,552.0,23.0,14.0,19.0,b7e5018200fadf97c42e54cbd8814914,1,c344623528c017d4fa7c51cb56d17a98,620c87c171fb2a6dd6e8bb4dec959fc6,2018-02-21 08:55:53,399.9,17.55,25645,petropolis,RJ
12910,c344623528c017d4fa7c51cb56d17a98,perfumaria,32.0,703.0,1.0,552.0,23.0,14.0,19.0,e687c9cd3e2434f95fc04a1b0c6c14d0,1,c344623528c017d4fa7c51cb56d17a98,620c87c171fb2a6dd6e8bb4dec959fc6,2018-04-24 09:35:16,359.9,53.02,25645,petropolis,RJ
12911,c344623528c017d4fa7c51cb56d17a98,perfumaria,32.0,703.0,1.0,552.0,23.0,14.0,19.0,f6cf8d4fd766fb0bd2d664fbbc94e9b7,1,c344623528c017d4fa7c51cb56d17a98,620c87c171fb2a6dd6e8bb4dec959fc6,2018-03-29 11:28:40,359.9,20.4,25645,petropolis,RJ
12916,f4938e02188d323c8412d2ea07d230e4,perfumaria,56.0,182.0,1.0,3733.0,22.0,29.0,27.0,068d8eb8e288e07e76b3e86b4a793f31,1,f4938e02188d323c8412d2ea07d230e4,620c87c171fb2a6dd6e8bb4dec959fc6,2017-06-13 23:45:17,349.9,18.21,25645,petropolis,RJ
12917,f4938e02188d323c8412d2ea07d230e4,perfumaria,56.0,182.0,1.0,3733.0,22.0,29.0,27.0,1a445e2bf6e78d243bfe5d232187635c,1,f4938e02188d323c8412d2ea07d230e4,620c87c171fb2a6dd6e8bb4dec959fc6,2017-04-11 19:10:18,349.9,16.62,25645,petropolis,RJ
12918,f4938e02188d323c8412d2ea07d230e4,perfumaria,56.0,182.0,1.0,3733.0,22.0,29.0,27.0,5be6381ed661b90ec9f7cfe2b7042955,1,f4938e02188d323c8412d2ea07d230e4,620c87c171fb2a6dd6e8bb4dec959fc6,2018-01-31 16:31:53,369.9,18.35,25645,petropolis,RJ
12919,f4938e02188d323c8412d2ea07d230e4,perfumaria,56.0,182.0,1.0,3733.0,22.0,29.0,27.0,5be6381ed661b90ec9f7cfe2b7042955,2,f4938e02188d323c8412d2ea07d230e4,620c87c171fb2a6dd6e8bb4dec959fc6,2018-01-31 16:31:53,369.9,18.35,25645,petropolis,RJ
12920,f4938e02188d323c8412d2ea07d230e4,perfumaria,56.0,182.0,1.0,3733.0,22.0,29.0,27.0,8cfddf5c3bd7fbfd1788b72b5bb9341e,1,f4938e02188d323c8412d2ea07d230e4,620c87c171fb2a6dd6e8bb4dec959fc6,2017-09-21 14:10:28,359.9,18.28,25645,petropolis,RJ
12921,f4938e02188d323c8412d2ea07d230e4,perfumaria,56.0,182.0,1.0,3733.0,22.0,29.0,27.0,d3e393e0070015bc43d8c9973d2403e6,1,f4938e02188d323c8412d2ea07d230e4,620c87c171fb2a6dd6e8bb4dec959fc6,2018-05-23 11:55:17,369.9,21.56,25645,petropolis,RJ
12922,f4938e02188d323c8412d2ea07d230e4,perfumaria,56.0,182.0,1.0,3733.0,22.0,29.0,27.0,e0c83ad159e2cd8db050164ca8b9b9b5,1,f4938e02188d323c8412d2ea07d230e4,620c87c171fb2a6dd6e8bb4dec959fc6,2018-01-24 22:41:09,369.9,12.0,25645,petropolis,RJ
12944,87f6a4366535fdaa380ac373b83dc752,perfumaria,35.0,316.0,1.0,550.0,20.0,20.0,30.0,8a456a91c540561a48650b2954977017,1,87f6a4366535fdaa380ac373b83dc752,620c87c171fb2a6dd6e8bb4dec959fc6,2018-07-26 16:31:45,339.9,25.53,25645,petropolis,RJ
12945,87f6a4366535fdaa380ac373b83dc752,perfumaria,35.0,316.0,1.0,550.0,20.0,20.0,30.0,c9c2db5b32175fba946f9600ff4a9bc3,1,87f6a4366535fdaa380ac373b83dc752,620c87c171fb2a6dd6e8bb4dec959fc6,2018-06-04 13:31:01,339.9,24.09,25645,petropolis,RJ
12946,87f6a4366535fdaa380ac373b83dc752,perfumaria,35.0,316.0,1.0,550.0,20.0,20.0,30.0,ef82a7205d24d2a9fb1e00177ebf9132,1,87f6a4366535fdaa380ac373b83dc752,620c87c171fb2a6dd6e8bb4dec959fc6,2018-05-04 20:55:22,339.9,24.09,25645,petropolis,RJ
13138,e5fe79a5ccd19d20b3b095bf73cf9b5d,perfumaria,37.0,742.0,1.0,258.0,23.0,15.0,18.0,641260b6b13348c1853886a738a7f9b0,1,e5fe79a5ccd19d20b3b095bf73cf9b5d,620c87c171fb2a6dd6e8bb4dec959fc6,2017-11-07 04:07:21,369.9,18.35,25645,petropolis,RJ
13139,e5fe79a5ccd19d20b3b095bf73cf9b5d,perfumaria,37.0,742.0,1.0,258.0,23.0,15.0,18.0,79c294f3f4e5a5957b8a02e8a7c8cf17,1,e5fe79a5ccd19d20b3b095bf73cf9b5d,620c87c171fb2a6dd6e8bb4dec959fc6,2017-10-25 22:05:54,369.9,15.47,25645,petropolis,RJ
13140,e5fe79a5ccd19d20b3b095bf73cf9b5d,perfumaria,37.0,742.0,1.0,258.0,23.0,15.0,18.0,85e192c4059abd147aed4fbb0f43b7a4,1,e5fe79a5ccd19d20b3b095bf73cf9b5d,620c87c171fb2a6dd6e8bb4dec959fc6,2017-11-16 22:10:50,369.9,20.16,25645,petropolis,RJ
13141,e5fe79a5ccd19d20b3b095bf73cf9b5d,perfumaria,37.0,742.0,1.0,258.0,23.0,15.0,18.0,988b9c003bf679e9c005ddc75d4567e7,1,e5fe79a5ccd19d20b3b095bf73cf9b5d,620c87c171fb2a6dd6e8bb4dec959fc6,2017-09-21 11:35:26,359.9,18.28,25645,petropolis,RJ
13142,e5fe79a5ccd19d20b3b095bf73cf9b5d,perfumaria,37.0,742.0,1.0,258.0,23.0,15.0,18.0,b9075978138552299e67a2f2c430b75b,1,e5fe79a5ccd19d20b3b095bf73cf9b5d,620c87c171fb2a6dd6e8bb4dec959fc6,2017-11-20 18:30:30,369.9,12.0,25645,petropolis,RJ
13143,e5fe79a5ccd19d20b3b095bf73cf9b5d,perfumaria,37.0,742.0,1.0,258.0,23.0,15.0,18.0,c522b045e713a7b8bd172fcc37f116bf,1,e5fe79a5ccd19d20b3b095bf73cf9b5d,620c87c171fb2a6dd6e8bb4dec959fc6,2017-09-27 07:35:10,359.9,20.09,25645,petropolis,RJ
13144,e5fe79a5ccd19d20b3b095bf73cf9b5d,perfumaria,37.0,742.0,1.0,258.0,23.0,15.0,18.0,f8577a7c62ea6630f36ed31870b83462,1,e5fe79a5ccd19d20b3b095bf73cf9b5d,620c87c171fb2a6dd6e8bb4dec959fc6,2017-09-06 11:24:22,359.9,17.27,25645,petropolis,RJ
13173,d914a2a0c672fc21c9f0087e07e9e881,perfumaria,39.0,302.0,1.0,12600.0,50.0,50.0,30.0,8846a9571a893b22eb57d4732b978bbb,1,d914a2a0c672fc21c9f0087e07e9e881,620c87c171fb2a6dd6e8bb4dec959fc6,2017-01-30 20:44:49,379.9,45.12,25645,petropolis,RJ
13174,fdde5bfe43004cc06f12152870b951f4,perfumaria,37.0,1470.0,2.0,475.0,20.0,16.0,16.0,0744f9056deb109779f1b309822c0d02,1,fdde5bfe43004cc06f12152870b951f4,620c87c171fb2a6dd6e8bb4dec959fc6,2017-11-07 22:55:30,369.9,18.35,25645,petropolis,RJ
13175,fdde5bfe43004cc06f12152870b951f4,perfumaria,37.0,1470.0,2.0,475.0,20.0,16.0,16.0,ea921667f0ab37edbe094d0e67c9d454,1,fdde5bfe43004cc06f12152870b951f4,620c87c171fb2a6dd6e8bb4dec959fc6,2017-04-12 10:02:22,369.9,16.76,25645,petropolis,RJ
13176,fdde5bfe43004cc06f12152870b951f4,perfumaria,37.0,1470.0,2.0,475.0,20.0,16.0,16.0,f907eb5eddb04b68f52bbba38b075e8d,1,fdde5bfe43004cc06f12152870b951f4,620c87c171fb2a6dd6e8bb4dec959fc6,2017-11-28 08:06:50,369.9,18.35,25645,petropolis,RJ
13278,78258dcdffa72f0a40e1fd93b9a52b3d,perfumaria,53.0,1207.0,1.0,525.0,22.0,14.0,23.0,b6f5abd372e047f666f90ef9456c4eb4,1,78258dcdffa72f0a40e1fd93b9a52b3d,620c87c171fb2a6dd6e8bb4dec959fc6,2018-08-20 00:50:15,369.9,24.52,25645,petropolis,RJ
13281,fd1976772549ed5b4aed965293122ac8,perfumaria,35.0,629.0,1.0,458.0,18.0,18.0,17.0,5e429d7b3e086bc3af78f2f42b9c5937,1,fd1976772549ed5b4aed965293122ac8,620c87c171fb2a6dd6e8bb4dec959fc6,2018-03-15 19:28:32,339.9,21.35,25645,petropolis,RJ
13306,30b71c9c4072aedc2eab725fa28f50ed,perfumaria,39.0,721.0,1.0,463.0,19.0,13.0,17.0,6574317cd3327f737e39fd9a77969ef2,1,30b71c9c4072aedc2eab725fa28f50ed,620c87c171fb2a6dd6e8bb4dec959fc6,2018-06-25 10:31:37,329.9,15.52,25645,petropolis,RJ
13307,30b71c9c4072aedc2eab725fa28f50ed,perfumaria,39.0,721.0,1.0,463.0,19.0,13.0,17.0,774359a2a8b6be829653bae9390a0dd0,1,30b71c9c4072aedc2eab725fa28f50ed,620c87c171fb2a6dd6e8bb4dec959fc6,2018-05-17 16:30:30,329.9,20.19,25645,petropolis,RJ
13323,04c48a5fe31aedc4ef3896c005fd483c,perfumaria,36.0,574.0,1.0,449.0,19.0,14.0,14.0,06dec2690e0cd75d327646a81fdba74d,1,04c48a5fe31aedc4ef3896c005fd483c,620c87c171fb2a6dd6e8bb4dec959fc6,2017-02-02 14:30:57,309.9,18.0,25645,petropolis,RJ
13324,04c48a5fe31aedc4ef3896c005fd483c,perfumaria,36.0,574.0,1.0,449.0,19.0,14.0,14.0,73aca43a4a4709c819920271b2743341,1,04c48a5fe31aedc4ef3896c005fd483c,620c87c171fb2a6dd6e8bb4dec959fc6,2017-02-10 14:38:16,309.9,16.34,25645,petropolis,RJ
13325,04c48a5fe31aedc4ef3896c005fd483c,perfumaria,36.0,574.0,1.0,449.0,19.0,14.0,14.0,8e481ac12e05d41b6bcda081f132789c,1,04c48a5fe31aedc4ef3896c005fd483c,620c87c171fb2a6dd6e8bb4dec959fc6,2017-03-24 17:54:15,319.9,16.41,25645,petropolis,RJ
13326,04c48a5fe31aedc4ef3896c005fd483c,perfumaria,36.0,574.0,1.0,449.0,19.0,14.0,14.0,a6dfab363a9e239287c4b1e3c275fb93,1,04c48a5fe31aedc4ef3896c005fd483c,620c87c171fb2a6dd6e8bb4dec959fc6,2017-01-30 09:11:37,309.9,26.66,25645,petropolis,RJ
13327,04c48a5fe31aedc4ef3896c005fd483c,perfumaria,36.0,574.0,1.0,449.0,19.0,14.0,14.0,af7ae6bafcf0885e40e8c5fd1ef4c745,1,04c48a5fe31aedc4ef3896c005fd483c,620c87c171fb2a6dd6e8bb4dec959fc6,2017-03-23 15:20:25,319.9,16.41,25645,petropolis,RJ
13328,04c48a5fe31aedc4ef3896c005fd483c,perfumaria,36.0,574.0,1.0,449.0,19.0,14.0,14.0,b11356165e2d19ac9c425e2f38b770e3,1,04c48a5fe31aedc4ef3896c005fd483c,620c87c171fb2a6dd6e8bb4dec959fc6,2017-02-12 13:23:53,309.9,17.87,25645,petropolis,RJ
13329,04c48a5fe31aedc4ef3896c005fd483c,perfumaria,36.0,574.0,1.0,449.0,19.0,14.0,14.0,b9e69989a006047e2c8ee665b51b10db,1,04c48a5fe31aedc4ef3896c005fd483c,620c87c171fb2a6dd6e8bb4dec959fc6,2017-02-11 14:24:33,309.9,16.34,25645,petropolis,RJ
13330,04c48a5fe31aedc4ef3896c005fd483c,perfumaria,36.0,574.0,1.0,449.0,19.0,14.0,14.0,c920c9b4a0fbe334f146d3b9822f3cce,1,04c48a5fe31aedc4ef3896c005fd483c,620c87c171fb2a6dd6e8bb4dec959fc6,2017-02-13 12:53:13,309.9,17.87,25645,petropolis,RJ
13369,e61721efa0db661f7cdc3d37663135e0,perfumaria,32.0,328.0,1.0,700.0,50.0,40.0,30.0,7ae3a62a49f6479010163c2153e9bece,1,e61721efa0db661f7cdc3d37663135e0,620c87c171fb2a6dd6e8bb4dec959fc6,2018-06-08 12:30:34,429.9,21.98,25645,petropolis,RJ
13370,3ad77ee47938193d6240dadba0feeaa0,perfumaria,48.0,1067.0,2.0,419.0,20.0,17.0,20.0,e0a7b1bed2f7b6ea6f1ad9fab878cb12,1,3ad77ee47938193d6240dadba0feeaa0,620c87c171fb2a6dd6e8bb4dec959fc6,2018-06-15 10:15:18,349.9,20.33,25645,petropolis,RJ
13378,196c1cb4773764eca858159261a90f35,perfumaria,33.0,849.0,1.0,400.0,20.0,20.0,30.0,5765cf3a5fe5d5d74cfac532f9d48939,1,196c1cb4773764eca858159261a90f35,620c87c171fb2a6dd6e8bb4dec959fc6,2018-06-14 11:50:57,309.9,23.88,25645,petropolis,RJ
13379,196c1cb4773764eca858159261a90f35,perfumaria,33.0,849.0,1.0,400.0,20.0,20.0,30.0,a25d43b087190f76ed13ac240693ded6,1,196c1cb4773764eca858159261a90f35,620c87c171fb2a6dd6e8bb4dec959fc6,2018-06-15 18:55:26,309.9,20.05,25645,petropolis,RJ
13380,196c1cb4773764eca858159261a90f35,perfumaria,33.0,849.0,1.0,400.0,20.0,20.0,30.0,ea3da9210148306e5b1bbb843c19e65f,1,196c1cb4773764eca858159261a90f35,620c87c171fb2a6dd6e8bb4dec959fc6,2018-03-01 02:29:00,319.9,16.99,25645,petropolis,RJ
13424,5e57a146ccdca976190821a00a059ebf,perfumaria,43.0,837.0,2.0,411.0,21.0,19.0,19.0,1489856fc5e3169af6b06edbc1aeb1b1,1,5e57a146ccdca976190821a00a059ebf,620c87c171fb2a6dd6e8bb4dec959fc6,2017-02-02 20:24:13,369.9,18.0,25645,petropolis,RJ
13425,5e57a146ccdca976190821a00a059ebf,perfumaria,43.0,837.0,2.0,411.0,21.0,19.0,19.0,adf4112330df6649bdfd1fb027d98e09,1,5e57a146ccdca976190821a00a059ebf,620c87c171fb2a6dd6e8bb4dec959fc6,2017-04-13 02:15:07,369.9,16.76,25645,petropolis,RJ
13426,5e57a146ccdca976190821a00a059ebf,perfumaria,43.0,837.0,2.0,411.0,21.0,19.0,19.0,df30f88407baa98218b16abe7032899a,1,5e57a146ccdca976190821a00a059ebf,620c87c171fb2a6dd6e8bb4dec959fc6,2016-10-12 13:22:13,339.9,21.27,25645,petropolis,RJ
13427,5e57a146ccdca976190821a00a059ebf,perfumaria,43.0,837.0,2.0,411.0,21.0,19.0,19.0,f716dffba1232aaef7c899fb8c14db97,1,5e57a146ccdca976190821a00a059ebf,620c87c171fb2a6dd6e8bb4dec959fc6,2016-10-11 15:59:26,339.9,14.45,25645,petropolis,RJ
13428,bef6177f54efb9a6218e124b629fc152,perfumaria,42.0,850.0,1.0,510.0,20.0,13.0,15.0,1eeef7bced6c37a113b31c503ba1cdc4,1,bef6177f54efb9a6218e124b629fc152,620c87c171fb2a6dd6e8bb4dec959fc6,2017-12-18 00:10:15,339.9,18.14,25645,petropolis,RJ
13429,bef6177f54efb9a6218e124b629fc152,perfumaria,42.0,850.0,1.0,510.0,20.0,13.0,15.0,372eae5bd782b2b5d308bb2d2f5e49af,1,bef6177f54efb9a6218e124b629fc152,620c87c171fb2a6dd6e8bb4dec959fc6,2017-12-06 17:19:56,339.9,18.14,25645,petropolis,RJ
13430,bef6177f54efb9a6218e124b629fc152,perfumaria,42.0,850.0,1.0,510.0,20.0,13.0,15.0,37e87d7b071633ba92f5ef06491b781a,1,bef6177f54efb9a6218e124b629fc152,620c87c171fb2a6dd6e8bb4dec959fc6,2017-12-05 23:31:38,339.9,11.79,25645,petropolis,RJ
13431,bef6177f54efb9a6218e124b629fc152,perfumaria,42.0,850.0,1.0,510.0,20.0,13.0,15.0,4a9535cd904e916ca0286823298d30ed,1,bef6177f54efb9a6218e124b629fc152,620c87c171fb2a6dd6e8bb4dec959fc6,2017-12-06 00:31:27,339.9,18.14,25645,petropolis,RJ
13432,bef6177f54efb9a6218e124b629fc152,perfumaria,42.0,850.0,1.0,510.0,20.0,13.0,15.0,4e0091a0a84b39634a3ecc33bdc49d09,1,bef6177f54efb9a6218e124b629fc152,620c87c171fb2a6dd6e8bb4dec959fc6,2017-12-06 13:53:30,339.9,18.14,25645,petropolis,RJ
13433,bef6177f54efb9a6218e124b629fc152,perfumaria,42.0,850.0,1.0,510.0,20.0,13.0,15.0,62505127063f51deaf665f237ee748c2,1,bef6177f54efb9a6218e124b629fc152,620c87c171fb2a6dd6e8bb4dec959fc6,2017-12-12 13:10:17,339.9,18.14,25645,petropolis,RJ
13434,bef6177f54efb9a6218e124b629fc152,perfumaria,42.0,850.0,1.0,510.0,20.0,13.0,15.0,648452a05889f314b2b625e34ebb05ed,1,bef6177f54efb9a6218e124b629fc152,620c87c171fb2a6dd6e8bb4dec959fc6,2017-09-13 18:43:55,339.9,17.13,25645,petropolis,RJ
13435,bef6177f54efb9a6218e124b629fc152,perfumaria,42.0,850.0,1.0,510.0,20.0,13.0,15.0,8566f753d23664b0c4e44544fab50d6f,1,bef6177f54efb9a6218e124b629fc152,620c87c171fb2a6dd6e8bb4dec959fc6,2017-12-06 01:52:03,339.9,19.95,25645,petropolis,RJ
13436,bef6177f54efb9a6218e124b629fc152,perfumaria,42.0,850.0,1.0,510.0,20.0,13.0,15.0,c1316e479de7898b749066f40449a05f,1,bef6177f54efb9a6218e124b629fc152,620c87c171fb2a6dd6e8bb4dec959fc6,2017-12-18 08:37:22,339.9,11.79,25645,petropolis,RJ
13437,bef6177f54efb9a6218e124b629fc152,perfumaria,42.0,850.0,1.0,510.0,20.0,13.0,15.0,c2b4140e1e7ac4f534dfc6713cd6b93a,1,bef6177f54efb9a6218e124b629fc152,620c87c171fb2a6dd6e8bb4dec959fc6,2017-12-14 16:30:52,339.9,28.92,25645,petropolis,RJ
13438,bef6177f54efb9a6218e124b629fc152,perfumaria,42.0,850.0,1.0,510.0,20.0,13.0,15.0,e55a581d6b3fcf41394ef2afb9a4205e,1,bef6177f54efb9a6218e124b629fc152,620c87c171fb2a6dd6e8bb4dec959fc6,2017-12-13 18:53:39,339.9,18.14,25645,petropolis,RJ
13439,bef6177f54efb9a6218e124b629fc152,perfumaria,42.0,850.0,1.0,510.0,20.0,13.0,15.0,f9b8f31744dba7c23d41cb9ae8e025e9,1,bef6177f54efb9a6218e124b629fc152,620c87c171fb2a6dd6e8bb4dec959fc6,2017-09-08 04:50:38,339.9,10.12,25645,petropolis,RJ
13478,0d9957ab8ffb09053626ff10f7b5876b,perfumaria,41.0,1044.0,1.0,600.0,21.0,11.0,16.0,29ce31378acbd5bc48a0518e3770eb8c,1,0d9957ab8ffb09053626ff10f7b5876b,620c87c171fb2a6dd6e8bb4dec959fc6,2017-04-14 11:55:15,355.9,26.98,25645,petropolis,RJ
13479,0d9957ab8ffb09053626ff10f7b5876b,perfumaria,41.0,1044.0,1.0,600.0,21.0,11.0,16.0,8a5f32ecf64f7184eaf136788c11f13a,1,0d9957ab8ffb09053626ff10f7b5876b,620c87c171fb2a6dd6e8bb4dec959fc6,2017-04-14 14:05:14,355.9,16.66,25645,petropolis,RJ
13488,0de1e69dff6f40f9f71be7034a8bb8d2,perfumaria,42.0,388.0,1.0,579.0,21.0,13.0,17.0,14f0a731b7bacd25973e4b5edc708af7,1,0de1e69dff6f40f9f71be7034a8bb8d2,620c87c171fb2a6dd6e8bb4dec959fc6,2017-04-06 16:55:19,309.9,19.6,25645,petropolis,RJ
13489,0de1e69dff6f40f9f71be7034a8bb8d2,perfumaria,42.0,388.0,1.0,579.0,21.0,13.0,17.0,354ca44327bb555017ef42fd921ada11,1,0de1e69dff6f40f9f71be7034a8bb8d2,620c87c171fb2a6dd6e8bb4dec959fc6,2017-02-03 16:33:23,349.9,18.0,25645,petropolis,RJ
13490,0de1e69dff6f40f9f71be7034a8bb8d2,perfumaria,42.0,388.0,1.0,579.0,21.0,13.0,17.0,6288a28742bf3c6ec3bd2cb7012176bb,1,0de1e69dff6f40f9f71be7034a8bb8d2,620c87c171fb2a6dd6e8bb4dec959fc6,2017-04-20 18:42:06,369.9,13.2,25645,petropolis,RJ
13491,0de1e69dff6f40f9f71be7034a8bb8d2,perfumaria,42.0,388.0,1.0,579.0,21.0,13.0,17.0,681dcd4b4304448b7619c295f1048482,1,0de1e69dff6f40f9f71be7034a8bb8d2,620c87c171fb2a6dd6e8bb4dec959fc6,2017-05-24 08:15:17,309.9,16.92,25645,petropolis,RJ
13492,0de1e69dff6f40f9f71be7034a8bb8d2,perfumaria,42.0,388.0,1.0,579.0,21.0,13.0,17.0,69e43c38d7f53b87baae3045be7517b1,1,0de1e69dff6f40f9f71be7034a8bb8d2,620c87c171fb2a6dd6e8bb4dec959fc6,2017-02-17 22:44:35,369.9,13.2,25645,petropolis,RJ
13493,0de1e69dff6f40f9f71be7034a8bb8d2,perfumaria,42.0,388.0,1.0,579.0,21.0,13.0,17.0,8dc67de08c1738a90e70f62f2920b432,1,0de1e69dff6f40f9f71be7034a8bb8d2,620c87c171fb2a6dd6e8bb4dec959fc6,2017-01-29 01:29:42,349.9,19.88,25645,petropolis,RJ
13494,0de1e69dff6f40f9f71be7034a8bb8d2,perfumaria,42.0,388.0,1.0,579.0,21.0,13.0,17.0,e26281cd7bdd68b44161fd215f4be0cc,1,0de1e69dff6f40f9f71be7034a8bb8d2,620c87c171fb2a6dd6e8bb4dec959fc6,2017-04-25 12:55:25,309.9,12.78,25645,petropolis,RJ
13495,0de1e69dff6f40f9f71be7034a8bb8d2,perfumaria,42.0,388.0,1.0,579.0,21.0,13.0,17.0,e819c0a367da758c5e60ddaee6890dc0,1,0de1e69dff6f40f9f71be7034a8bb8d2,620c87c171fb2a6dd6e8bb4dec959fc6,2017-02-12 15:49:24,349.9,13.06,25645,petropolis,RJ
13496,0de1e69dff6f40f9f71be7034a8bb8d2,perfumaria,42.0,388.0,1.0,579.0,21.0,13.0,17.0,efa8ce996bb690cb0a1b1201374b4445,1,0de1e69dff6f40f9f71be7034a8bb8d2,620c87c171fb2a6dd6e8bb4dec959fc6,2017-04-25 17:31:37,309.9,19.6,25645,petropolis,RJ
13497,0de1e69dff6f40f9f71be7034a8bb8d2,perfumaria,42.0,388.0,1.0,579.0,21.0,13.0,17.0,efa8ce996bb690cb0a1b1201374b4445,2,0de1e69dff6f40f9f71be7034a8bb8d2,620c87c171fb2a6dd6e8bb4dec959fc6,2017-04-25 17:31:37,309.9,19.6,25645,petropolis,RJ
13498,0de1e69dff6f40f9f71be7034a8bb8d2,perfumaria,42.0,388.0,1.0,579.0,21.0,13.0,17.0,efc734aa0895a5973f3e783a742f1119,1,0de1e69dff6f40f9f71be7034a8bb8d2,620c87c171fb2a6dd6e8bb4dec959fc6,2017-01-30 12:45:40,349.9,19.88,25645,petropolis,RJ
13514,c4c273fc9291c33a56ad3f006fe567e4,perfumaria,30.0,842.0,2.0,390.0,19.0,14.0,14.0,3e10fb31e08ba1bc6103b56c474610a6,1,c4c273fc9291c33a56ad3f006fe567e4,620c87c171fb2a6dd6e8bb4dec959fc6,2017-04-06 20:25:11,329.9,16.48,25645,petropolis,RJ
13515,c4c273fc9291c33a56ad3f006fe567e4,perfumaria,30.0,842.0,2.0,390.0,19.0,14.0,14.0,8b74f8eb433512f288e513c2e2f391a8,1,c4c273fc9291c33a56ad3f006fe567e4,620c87c171fb2a6dd6e8bb4dec959fc6,2017-04-11 20:05:14,329.9,16.48,25645,petropolis,RJ
13517,c4c273fc9291c33a56ad3f006fe567e4,perfumaria,30.0,842.0,2.0,390.0,19.0,14.0,14.0,f1a1f8c4672ddef8f8562981ca2d0596,1,c4c273fc9291c33a56ad3f006fe567e4,620c87c171fb2a6dd6e8bb4dec959fc6,2017-04-10 23:22:44,329.9,16.48,25645,petropolis,RJ
14053,b1eae565a61935e0011ee7682fef9dc9,perfumaria,49.0,460.0,2.0,267.0,17.0,13.0,17.0,3683a64548d4008fcbcd5e9188803b86,1,b1eae565a61935e0011ee7682fef9dc9,2089a6d640999f9b9141ac719b2af596,2017-05-08 07:22:36,399.9,16.97,13566,sao carlos,SP
14061,c326c16c4e67b3648c8992954d628795,perfumaria,50.0,646.0,2.0,500.0,20.0,14.0,22.0,e2b81f0134f91f1be92e48ef39ee0d99,1,c326c16c4e67b3648c8992954d628795,2089a6d640999f9b9141ac719b2af596,2017-06-28 18:55:06,499.49,28.78,13566,sao carlos,SP
14062,c326c16c4e67b3648c8992954d628795,perfumaria,50.0,646.0,2.0,500.0,20.0,14.0,22.0,fa5f88521abe0927f354980a9648e15b,1,c326c16c4e67b3648c8992954d628795,2089a6d640999f9b9141ac719b2af596,2017-06-29 08:30:18,499.49,15.0,13566,sao carlos,SP
14064,6cbd4637b69fff7d983bb1a757febf71,perfumaria,49.0,696.0,2.0,254.0,19.0,15.0,18.0,5e70bcf826ffb41fbf68e94ba929635e,1,6cbd4637b69fff7d983bb1a757febf71,2089a6d640999f9b9141ac719b2af596,2017-05-17 17:10:18,356.49,14.0,13566,sao carlos,SP
14067,ac6b10125f0c3f3faca61891ff70077f,perfumaria,36.0,1285.0,4.0,700.0,16.0,8.0,11.0,052b49cd1787ff86171b4e374f53c42e,1,ac6b10125f0c3f3faca61891ff70077f,2089a6d640999f9b9141ac719b2af596,2017-06-28 15:31:31,382.0,17.42,13566,sao carlos,SP
14068,accbae01c370247dd0aa8d735f9ff675,perfumaria,32.0,1001.0,2.0,441.0,19.0,13.0,16.0,97ef2707f46b7d685e1da2b0c67be7fd,1,accbae01c370247dd0aa8d735f9ff675,2089a6d640999f9b9141ac719b2af596,2017-10-23 15:14:14,493.9,12.2,13566,sao carlos,SP
14069,9f2f03a7cc35b7c27e588388fa1e2252,perfumaria,50.0,543.0,2.0,467.0,22.0,14.0,17.0,04d9462386313112744bfe028575d10f,1,9f2f03a7cc35b7c27e588388fa1e2252,2089a6d640999f9b9141ac719b2af596,2017-06-22 14:05:22,397.9,17.54,13566,sao carlos,SP
14070,b200c3a6dbe2a96c1e2f1904361763db,perfumaria,49.0,699.0,2.0,350.0,20.0,16.0,21.0,22561cc73693742c65f9e31bd0e8df08,1,b200c3a6dbe2a96c1e2f1904361763db,2089a6d640999f9b9141ac719b2af596,2017-06-02 09:10:17,387.49,17.46,13566,sao carlos,SP
14078,2dfda1ff7f02fb76576e5961ddd85e38,perfumaria,40.0,638.0,2.0,50.0,20.0,8.0,14.0,168823ad1b77477540db78ab357f18b5,1,2dfda1ff7f02fb76576e5961ddd85e38,2089a6d640999f9b9141ac719b2af596,2018-08-02 11:30:14,489.0,21.52,13566,sao carlos,SP
14085,ad2ff9b0c224aa7d855f7fd8109b6289,perfumaria,33.0,560.0,1.0,388.0,20.0,14.0,17.0,5057598da256a7629c0f6f21877215ba,1,ad2ff9b0c224aa7d855f7fd8109b6289,2089a6d640999f9b9141ac719b2af596,2018-07-27 09:30:15,535.9,17.33,13566,sao carlos,SP
20906,bef6177f54efb9a6218e124b629fc152,perfumaria,42.0,850.0,1.0,510.0,20.0,13.0,15.0,11778e1b85f6b679bcaf60a9d114a005,1,bef6177f54efb9a6218e124b629fc152,65b081a070633e057c462abdd6fb9dd8,2017-11-03 02:50:19,399.99,28.08,75650,morrinhos,GO
28596,ee6d2bdca28be6e08d1c847f0222f6b9,perfumaria,38.0,790.0,1.0,317.0,21.0,17.0,21.0,1dc1a1e530ccf4da96b6b27494cd652f,1,ee6d2bdca28be6e08d1c847f0222f6b9,8931a84a914b3fe9b1ddaa4d704947ca,2018-06-29 00:14:32,328.0,17.4,8410,sao paulo,SP
28598,9fa1e97015f5c5e76add50079bb0ab44,perfumaria,37.0,337.0,1.0,400.0,20.0,20.0,20.0,20059d45d5d6464cbf4fa0515c3830a4,1,9fa1e97015f5c5e76add50079bb0ab44,8931a84a914b3fe9b1ddaa4d704947ca,2017-12-19 02:33:31,369.0,17.33,8410,sao paulo,SP
28599,9fa1e97015f5c5e76add50079bb0ab44,perfumaria,37.0,337.0,1.0,400.0,20.0,20.0,20.0,38698281c9650e6b132e6fb7ae520c83,1,9fa1e97015f5c5e76add50079bb0ab44,8931a84a914b3fe9b1ddaa4d704947ca,2018-02-12 17:30:50,359.0,17.26,8410,sao paulo,SP
28600,9fa1e97015f5c5e76add50079bb0ab44,perfumaria,37.0,337.0,1.0,400.0,20.0,20.0,20.0,7b20d43785c16252f51ca77bceaa5ea0,1,9fa1e97015f5c5e76add50079bb0ab44,8931a84a914b3fe9b1ddaa4d704947ca,2017-08-07 04:15:35,360.0,17.27,8410,sao paulo,SP
28601,9fa1e97015f5c5e76add50079bb0ab44,perfumaria,37.0,337.0,1.0,400.0,20.0,20.0,20.0,e1e4ca9c13b18a9460faf44eac336bfa,1,9fa1e97015f5c5e76add50079bb0ab44,8931a84a914b3fe9b1ddaa4d704947ca,2018-01-16 10:49:29,359.0,17.26,8410,sao paulo,SP
44421,3d75a35ffe2d78d994c7caa66db1c232,perfumaria,19.0,498.0,1.0,2500.0,30.0,16.0,30.0,60864257be0835f1fc4225706a92cc00,1,3d75a35ffe2d78d994c7caa66db1c232,4e17c65a516f69d023a2ae78b84f28d6,2018-07-31 13:35:17,689.9,40.18,8673,suzano,SP
44447,6a6ac21bea0794ba578bd5614699dcf3,perfumaria,36.0,520.0,1.0,7650.0,60.0,50.0,16.0,b154ff1c2ada796573437001346a322b,1,6a6ac21bea0794ba578bd5614699dcf3,4e17c65a516f69d023a2ae78b84f28d6,2018-05-15 20:50:23,568.9,30.06,8673,suzano,SP
48020,a4c27cf9767fe2b589251c764b891eda,perfumaria,58.0,1061.0,2.0,368.0,22.0,15.0,18.0,77ce8174ece613ac99bd6506f3d679d8,1,a4c27cf9767fe2b589251c764b891eda,17e34d8224d27a541263c4c64b11a56b,2017-11-01 11:16:18,312.84,13.69,14085,riberao preto,SP
48028,3b31b57a9cdf87158977c3188a8dfa5a,perfumaria,50.0,509.0,1.0,543.0,24.0,13.0,18.0,d50719e017b64d66a6e1a52e765ecfca,1,3b31b57a9cdf87158977c3188a8dfa5a,17e34d8224d27a541263c4c64b11a56b,2017-12-22 21:11:05,341.65,18.15,14085,riberao preto,SP
48038,2d1d20d3c91d3940c6079a3bad529402,perfumaria,56.0,2133.0,1.0,150.0,22.0,18.0,17.0,6fcd1385684eaf7076ac0d72b1fab2db,1,2d1d20d3c91d3940c6079a3bad529402,17e34d8224d27a541263c4c64b11a56b,2017-12-05 09:30:24,309.56,22.66,14085,riberao preto,SP
48076,1c21c11ea2efbcaa7ee31c3191300a58,perfumaria,50.0,745.0,2.0,600.0,22.0,16.0,16.0,8ae7bca1e289e5b580b39a20f9454900,1,1c21c11ea2efbcaa7ee31c3191300a58,17e34d8224d27a541263c4c64b11a56b,2017-12-26 01:53:21,318.14,17.99,14085,riberao preto,SP
48083,b191d7bf910b82744bf36a5ee9b041d8,perfumaria,47.0,558.0,2.0,450.0,22.0,16.0,16.0,78d33c687d79eafa05dcd67958f4b329,1,b191d7bf910b82744bf36a5ee9b041d8,17e34d8224d27a541263c4c64b11a56b,2017-05-08 13:55:14,327.99,13.69,14085,riberao preto,SP
48084,5fbfa85126d6e59188d7da79f21e9687,perfumaria,45.0,1030.0,1.0,600.0,22.0,16.0,16.0,0eecdb1fbe19ef8211af5679e87bf300,1,5fbfa85126d6e59188d7da79f21e9687,17e34d8224d27a541263c4c64b11a56b,2017-06-25 21:25:17,334.98,14.68,14085,riberao preto,SP
48085,5fbfa85126d6e59188d7da79f21e9687,perfumaria,45.0,1030.0,1.0,600.0,22.0,16.0,16.0,333c80174d4ab24df54210511f4ecbd0,1,5fbfa85126d6e59188d7da79f21e9687,17e34d8224d27a541263c4c64b11a56b,2017-03-23 17:51:25,314.99,12.81,14085,riberao preto,SP
48086,30a70759c34dd4a29c5596778a0eb116,perfumaria,58.0,625.0,2.0,400.0,16.0,16.0,18.0,318034c29181efd4952394fd0892c3dc,1,30a70759c34dd4a29c5596778a0eb116,17e34d8224d27a541263c4c64b11a56b,2017-05-10 09:15:17,308.99,12.77,14085,riberao preto,SP
48087,30a70759c34dd4a29c5596778a0eb116,perfumaria,58.0,625.0,2.0,400.0,16.0,16.0,18.0,3e160e93900d5da52f6a8e6fc88d737c,1,30a70759c34dd4a29c5596778a0eb116,17e34d8224d27a541263c4c64b11a56b,2017-03-16 20:05:11,314.99,12.81,14085,riberao preto,SP
48094,731509faf04a1b5119c24cc34f0d790e,perfumaria,51.0,1003.0,1.0,550.0,16.0,16.0,22.0,5fa537c43d686925db746d574cbc2e0e,1,731509faf04a1b5119c24cc34f0d790e,17e34d8224d27a541263c4c64b11a56b,2017-03-27 15:19:58,361.99,13.14,14085,riberao preto,SP
48144,72076d150be0b5c03bbff0c07cedeec2,perfumaria,44.0,980.0,1.0,600.0,16.0,16.0,22.0,5f2afe447ecc492da57db318b381a3ab,1,72076d150be0b5c03bbff0c07cedeec2,17e34d8224d27a541263c4c64b11a56b,2017-06-21 08:35:13,329.5,14.65,14085,riberao preto,SP
48156,cd072553fd098e618264cdfff5980360,perfumaria,57.0,335.0,1.0,400.0,22.0,16.0,16.0,2c4f41fd30cdd44de346e77247380dd2,1,cd072553fd098e618264cdfff5980360,17e34d8224d27a541263c4c64b11a56b,2017-04-05 16:43:40,303.99,12.74,14085,riberao preto,SP
48157,cd072553fd098e618264cdfff5980360,perfumaria,57.0,335.0,1.0,400.0,22.0,16.0,16.0,82092e4ea665844f6f8991dbab00104d,1,cd072553fd098e618264cdfff5980360,17e34d8224d27a541263c4c64b11a56b,2017-05-02 15:50:20,303.99,28.39,14085,riberao preto,SP
48236,b2d52af3c5981a8d5d064fdb77cc6bc1,perfumaria,55.0,568.0,2.0,240.0,21.0,15.0,22.0,804b3f6bad007a44efd1fd85f0291070,1,b2d52af3c5981a8d5d064fdb77cc6bc1,17e34d8224d27a541263c4c64b11a56b,2017-10-05 10:28:35,306.16,13.64,14085,riberao preto,SP
48254,bdcdac3808387127799361ff2ce69f06,perfumaria,42.0,1273.0,2.0,500.0,22.0,16.0,16.0,7b6b4f3f9ceec2248dad997d2f53650e,1,bdcdac3808387127799361ff2ce69f06,17e34d8224d27a541263c4c64b11a56b,2017-03-23 10:04:34,346.99,13.04,14085,riberao preto,SP
48255,9aa7ddfe6525f9fa77ace664d52ee791,perfumaria,50.0,1022.0,1.0,500.0,16.0,16.0,22.0,9da7320835e438e015d139c344164285,1,9aa7ddfe6525f9fa77ace664d52ee791,17e34d8224d27a541263c4c64b11a56b,2017-03-28 20:21:39,320.99,12.86,14085,riberao preto,SP
48256,9aa7ddfe6525f9fa77ace664d52ee791,perfumaria,50.0,1022.0,1.0,500.0,16.0,16.0,22.0,caa275ffe24eb1662c6e22a43e200622,1,9aa7ddfe6525f9fa77ace664d52ee791,17e34d8224d27a541263c4c64b11a56b,2017-06-15 12:34:41,379.08,14.99,14085,riberao preto,SP
48261,4f5cad4934c20d6fb8dab728ffdea29e,perfumaria,43.0,1164.0,1.0,500.0,16.0,16.0,22.0,2d8e4baffe6056f0800c1d99f2960384,1,4f5cad4934c20d6fb8dab728ffdea29e,17e34d8224d27a541263c4c64b11a56b,2017-06-15 19:55:15,367.52,29.11,14085,riberao preto,SP
48262,4f5cad4934c20d6fb8dab728ffdea29e,perfumaria,43.0,1164.0,1.0,500.0,16.0,16.0,22.0,3de2c21eb663e9fe58493944d4e5f8b0,1,4f5cad4934c20d6fb8dab728ffdea29e,17e34d8224d27a541263c4c64b11a56b,2017-06-22 17:25:16,367.52,14.91,14085,riberao preto,SP
48281,c49f7bd8ac21b2169dd273bfef92b82a,perfumaria,51.0,898.0,2.0,500.0,16.0,16.0,22.0,73b12cfaa8f20bc1ff6b36c9ef17f656,1,c49f7bd8ac21b2169dd273bfef92b82a,17e34d8224d27a541263c4c64b11a56b,2017-05-16 13:55:18,308.99,17.92,14085,riberao preto,SP
49855,822c9ab05e9b8114704a5b2cd8639585,perfumaria,49.0,300.0,1.0,520.0,24.0,13.0,17.0,e8a4c2a62df8fb5701fa66bc2bb4f4d7,1,822c9ab05e9b8114704a5b2cd8639585,a888faf2d1baececa6baf9c3d603ee1f,2017-03-09 17:42:21,319.9,17.94,87502,umuarama,PR
49859,9321b2e4e8fe357fe2e3bad624229bd5,perfumaria,41.0,718.0,1.0,517.0,18.0,12.0,19.0,e40815dcb739e03cb2c06547ef7c3092,1,9321b2e4e8fe357fe2e3bad624229bd5,a888faf2d1baececa6baf9c3d603ee1f,2017-02-06 21:51:24,489.9,18.0,87502,umuarama,PR
49863,5457c026a643626249213e1e39c31d10,perfumaria,52.0,980.0,1.0,463.0,19.0,16.0,18.0,7e9af7be40e0983f0c497782cb6435bd,1,5457c026a643626249213e1e39c31d10,a888faf2d1baececa6baf9c3d603ee1f,2017-03-17 17:31:42,379.9,16.83,87502,umuarama,PR
49864,5457c026a643626249213e1e39c31d10,perfumaria,52.0,980.0,1.0,463.0,19.0,16.0,18.0,816210a15f4fa3b8fbc41acdb76f4733,1,5457c026a643626249213e1e39c31d10,a888faf2d1baececa6baf9c3d603ee1f,2017-05-15 23:42:27,379.9,17.41,87502,umuarama,PR
49869,5457c026a643626249213e1e39c31d10,perfumaria,52.0,980.0,1.0,463.0,19.0,16.0,18.0,fde57015e8a551f04dac99621c01678b,1,5457c026a643626249213e1e39c31d10,a888faf2d1baececa6baf9c3d603ee1f,2017-03-22 21:55:28,379.9,18.36,87502,umuarama,PR
49870,448f0791c4d2fc5d250a401edfc208d4,perfumaria,53.0,732.0,1.0,438.0,19.0,10.0,16.0,01ad4f241a16bff724de081b558f0f4d,1,448f0791c4d2fc5d250a401edfc208d4,a888faf2d1baececa6baf9c3d603ee1f,2017-02-18 18:47:17,309.9,17.38,87502,umuarama,PR
49873,049469901143a0f4ead566611fda0544,perfumaria,49.0,1174.0,1.0,375.0,21.0,16.0,23.0,511328761e16e3cabcb23b38f6f22625,1,049469901143a0f4ead566611fda0544,a888faf2d1baececa6baf9c3d603ee1f,2017-05-24 20:22:35,349.9,17.2,87502,umuarama,PR
49877,99521d67b22efb57979c6bf0c577a7a4,perfumaria,48.0,548.0,1.0,600.0,20.0,12.0,15.0,19c4ca2f9ed38cdc930ad4d520efa2bb,1,99521d67b22efb57979c6bf0c577a7a4,a888faf2d1baececa6baf9c3d603ee1f,2017-05-08 12:35:02,369.9,16.76,87502,umuarama,PR
49879,23ed7a10a36c6f88a757a9c83df9ea20,perfumaria,31.0,329.0,1.0,471.0,18.0,12.0,15.0,0c2989120592c0873f156da4204fbfb6,1,23ed7a10a36c6f88a757a9c83df9ea20,a888faf2d1baececa6baf9c3d603ee1f,2017-03-24 18:15:27,459.9,18.43,87502,umuarama,PR
49880,23ed7a10a36c6f88a757a9c83df9ea20,perfumaria,31.0,329.0,1.0,471.0,18.0,12.0,15.0,1619ac7c95b1d3968cc98be483959b2c,1,23ed7a10a36c6f88a757a9c83df9ea20,a888faf2d1baececa6baf9c3d603ee1f,2017-04-24 15:25:08,449.9,19.99,87502,umuarama,PR
49881,23ed7a10a36c6f88a757a9c83df9ea20,perfumaria,31.0,329.0,1.0,471.0,18.0,12.0,15.0,16dfc1cb33bb09dbe761bb0d03a792fb,1,23ed7a10a36c6f88a757a9c83df9ea20,a888faf2d1baececa6baf9c3d603ee1f,2017-05-19 11:30:14,449.9,18.91,87502,umuarama,PR
49882,23ed7a10a36c6f88a757a9c83df9ea20,perfumaria,31.0,329.0,1.0,471.0,18.0,12.0,15.0,2dbc4c66728ea83e323443d858586881,1,23ed7a10a36c6f88a757a9c83df9ea20,a888faf2d1baececa6baf9c3d603ee1f,2017-06-22 15:35:12,449.9,20.72,87502,umuarama,PR
49883,23ed7a10a36c6f88a757a9c83df9ea20,perfumaria,31.0,329.0,1.0,471.0,18.0,12.0,15.0,2e95926835baa8ca4f74e2602a69a84e,1,23ed7a10a36c6f88a757a9c83df9ea20,a888faf2d1baececa6baf9c3d603ee1f,2017-05-05 14:02:39,449.9,19.99,87502,umuarama,PR
49884,23ed7a10a36c6f88a757a9c83df9ea20,perfumaria,31.0,329.0,1.0,471.0,18.0,12.0,15.0,5252be17eb4a003fa9d9d4121f05687f,1,23ed7a10a36c6f88a757a9c83df9ea20,a888faf2d1baececa6baf9c3d603ee1f,2017-06-21 12:42:37,449.9,18.91,87502,umuarama,PR
49885,23ed7a10a36c6f88a757a9c83df9ea20,perfumaria,31.0,329.0,1.0,471.0,18.0,12.0,15.0,56c898abec8a6fd5e84ffc42904c4f65,1,23ed7a10a36c6f88a757a9c83df9ea20,a888faf2d1baececa6baf9c3d603ee1f,2017-03-14 09:10:17,459.9,18.43,87502,umuarama,PR
49886,23ed7a10a36c6f88a757a9c83df9ea20,perfumaria,31.0,329.0,1.0,471.0,18.0,12.0,15.0,606449909d777e082c5043319f58c6dc,1,23ed7a10a36c6f88a757a9c83df9ea20,a888faf2d1baececa6baf9c3d603ee1f,2017-06-26 15:35:12,449.9,47.0,87502,umuarama,PR
49887,23ed7a10a36c6f88a757a9c83df9ea20,perfumaria,31.0,329.0,1.0,471.0,18.0,12.0,15.0,a6da74b3d9ae7e102985630416034486,1,23ed7a10a36c6f88a757a9c83df9ea20,a888faf2d1baececa6baf9c3d603ee1f,2017-02-21 08:21:56,459.9,18.43,87502,umuarama,PR
49888,23ed7a10a36c6f88a757a9c83df9ea20,perfumaria,31.0,329.0,1.0,471.0,18.0,12.0,15.0,c628feb26c9b967296fcee33fbdf2fd1,1,23ed7a10a36c6f88a757a9c83df9ea20,a888faf2d1baececa6baf9c3d603ee1f,2017-03-24 14:12:21,459.9,20.06,87502,umuarama,PR
49889,23ed7a10a36c6f88a757a9c83df9ea20,perfumaria,31.0,329.0,1.0,471.0,18.0,12.0,15.0,c94aabd5205ddd8647579a7bdebd6992,1,23ed7a10a36c6f88a757a9c83df9ea20,a888faf2d1baececa6baf9c3d603ee1f,2017-05-26 10:42:55,449.9,18.91,87502,umuarama,PR
49890,23ed7a10a36c6f88a757a9c83df9ea20,perfumaria,31.0,329.0,1.0,471.0,18.0,12.0,15.0,c94afbac001c0b424f8ae04023a476b9,1,23ed7a10a36c6f88a757a9c83df9ea20,a888faf2d1baececa6baf9c3d603ee1f,2017-03-27 09:19:40,459.9,18.43,87502,umuarama,PR
49891,23ed7a10a36c6f88a757a9c83df9ea20,perfumaria,31.0,329.0,1.0,471.0,18.0,12.0,15.0,d84d29e12f989c8237aa0f2a2213168e,1,23ed7a10a36c6f88a757a9c83df9ea20,a888faf2d1baececa6baf9c3d603ee1f,2017-06-09 02:22:39,449.9,18.91,87502,umuarama,PR
49892,23ed7a10a36c6f88a757a9c83df9ea20,perfumaria,31.0,329.0,1.0,471.0,18.0,12.0,15.0,e46119979412748c23fd41c1e021f924,1,23ed7a10a36c6f88a757a9c83df9ea20,a888faf2d1baececa6baf9c3d603ee1f,2017-06-09 18:22:04,449.9,18.91,87502,umuarama,PR
49894,bfebe3af6798e21f14c80263db86b7a0,perfumaria,59.0,489.0,1.0,494.0,20.0,17.0,17.0,230c4b870a8eec405f6b5db505974701,1,bfebe3af6798e21f14c80263db86b7a0,a888faf2d1baececa6baf9c3d603ee1f,2017-04-10 22:55:19,313.9,16.37,87502,umuarama,PR
49895,bfebe3af6798e21f14c80263db86b7a0,perfumaria,59.0,489.0,1.0,494.0,20.0,17.0,17.0,3ca3064a730b878a04e074e0f1c9f93b,1,bfebe3af6798e21f14c80263db86b7a0,a888faf2d1baececa6baf9c3d603ee1f,2017-03-24 15:52:41,313.9,26.69,87502,umuarama,PR
49896,bfebe3af6798e21f14c80263db86b7a0,perfumaria,59.0,489.0,1.0,494.0,20.0,17.0,17.0,4fe85ba34d52bb088ed6dc9a821d84fb,1,bfebe3af6798e21f14c80263db86b7a0,a888faf2d1baececa6baf9c3d603ee1f,2017-03-20 23:37:05,313.9,16.37,87502,umuarama,PR
49897,bfebe3af6798e21f14c80263db86b7a0,perfumaria,59.0,489.0,1.0,494.0,20.0,17.0,17.0,d8d8abd9a4aa1b36575678bdf5e9d23e,1,bfebe3af6798e21f14c80263db86b7a0,a888faf2d1baececa6baf9c3d603ee1f,2017-03-19 22:47:16,313.9,17.9,87502,umuarama,PR
49898,500cf2c2853136c4782d885f61945b98,perfumaria,34.0,857.0,1.0,514.0,19.0,17.0,17.0,aa567b6bd03ccf3532f2f07cf956260e,1,500cf2c2853136c4782d885f61945b98,a888faf2d1baececa6baf9c3d603ee1f,2017-05-05 11:10:18,589.9,19.34,87502,umuarama,PR
62052,1775f1f0d5c82a7c311baa9074593e6d,perfumaria,43.0,1823.0,1.0,200.0,16.0,17.0,11.0,dc5542aeff4f9a938c0de66cd4384080,1,1775f1f0d5c82a7c311baa9074593e6d,d9bd94811c3338dceb4181f3dbc0c73e,2018-07-25 14:35:15,336.0,20.45,4186,sao paulo,SP
65882,a2f3be463c1d322c27cbe55cf03e5fda,perfumaria,40.0,994.0,1.0,600.0,20.0,20.0,20.0,0a8ab5666933ac4865f2c36c5e7b5a0c,1,a2f3be463c1d322c27cbe55cf03e5fda,4d6d651bd7684af3fffabd5f08d12e5a,2017-08-04 16:30:18,415.0,14.41,17209,jau,SP
66678,6a64f310d8075f40b78eb471df9ddac4,perfumaria,41.0,512.0,1.0,250.0,20.0,18.0,22.0,9edec07b1f5b49856627e878dc1a41b0,1,6a64f310d8075f40b78eb471df9ddac4,33c51922b6e3c16b24a8f28e5833c99d,2018-03-16 08:48:59,479.82,17.44,86010,londrina,PR
66679,61d83b8d80a61b5fd688471b5b273b5f,perfumaria,45.0,584.0,1.0,284.0,23.0,12.0,18.0,e524a1d7796e94896f17636abddaafe5,1,61d83b8d80a61b5fd688471b5b273b5f,33c51922b6e3c16b24a8f28e5833c99d,2018-07-30 10:10:19,325.54,20.38,86010,londrina,PR
66688,8b8191f9283cd3c98fa9b37a0b0f99ef,perfumaria,45.0,854.0,1.0,400.0,23.0,10.0,20.0,3e05b487699bb38012c6b974d36a6a56,1,8b8191f9283cd3c98fa9b37a0b0f99ef,33c51922b6e3c16b24a8f28e5833c99d,2018-06-29 19:19:09,380.97,24.6,86010,londrina,PR
66689,8b8191f9283cd3c98fa9b37a0b0f99ef,perfumaria,45.0,854.0,1.0,400.0,23.0,10.0,20.0,59ff2ee65c8cc0479240e487a0fc6677,1,8b8191f9283cd3c98fa9b37a0b0f99ef,33c51922b6e3c16b24a8f28e5833c99d,2018-02-26 10:50:36,319.0,17.99,86010,londrina,PR
66690,8b8191f9283cd3c98fa9b37a0b0f99ef,perfumaria,45.0,854.0,1.0,400.0,23.0,10.0,20.0,aaf1d91f4fd6cb8412c05db8e186c8b4,1,8b8191f9283cd3c98fa9b37a0b0f99ef,33c51922b6e3c16b24a8f28e5833c99d,2018-02-13 22:55:52,319.0,11.65,86010,londrina,PR
67779,e4d325bd1eea550509bdbbc5c3301fc1,perfumaria,59.0,874.0,1.0,525.0,16.0,16.0,18.0,60b95ae48ea59d34eeb4b8c8c6c3bb71,1,e4d325bd1eea550509bdbbc5c3301fc1,8444e55c1f13cd5c179851e5ca5ebd00,2018-07-18 23:30:54,429.0,21.1,37584,congonhal,MG
67780,e4d325bd1eea550509bdbbc5c3301fc1,perfumaria,59.0,874.0,1.0,525.0,16.0,16.0,18.0,b5eb3252f8e5ded7044d176ed49e2ecb,1,e4d325bd1eea550509bdbbc5c3301fc1,8444e55c1f13cd5c179851e5ca5ebd00,2018-06-25 17:35:10,429.0,39.69,37584,congonhal,MG
67781,e4d325bd1eea550509bdbbc5c3301fc1,perfumaria,59.0,874.0,1.0,525.0,16.0,16.0,18.0,d8efabfe9ad61f46b19449da5215e3f6,1,e4d325bd1eea550509bdbbc5c3301fc1,8444e55c1f13cd5c179851e5ca5ebd00,2018-07-27 13:15:25,429.0,53.72,37584,congonhal,MG
88694,1d297ac3d18250759eb36e8b6c18fb5b,perfumaria,48.0,881.0,1.0,700.0,25.0,12.0,25.0,4fc320374afd63a53d0b5607ef49113c,1,1d297ac3d18250759eb36e8b6c18fb5b,37be5a7c751166fbc5f8ccba4119e043,2017-05-29 08:10:09,399.99,17.55,4248,sao paulo,SP
93679,fb0a00a46641c9bc4fb44ce7f230de57,perfumaria,43.0,173.0,1.0,400.0,30.0,16.0,22.0,5854e79825b6bb53dcf1afdf5568a404,1,fb0a00a46641c9bc4fb44ce7f230de57,681fce914360217db47784ae28905a96,2017-11-10 17:10:28,395.9,18.21,83709,araucaria,PR
93687,b9754f9e21b6e6960b37594d4387fb1c,perfumaria,35.0,796.0,1.0,450.0,30.0,13.0,23.0,0904fb2c91a18099a0b7315f1ac9501b,1,b9754f9e21b6e6960b37594d4387fb1c,681fce914360217db47784ae28905a96,2018-02-21 03:27:02,385.0,21.23,83709,araucaria,PR
93688,b9754f9e21b6e6960b37594d4387fb1c,perfumaria,35.0,796.0,1.0,450.0,30.0,13.0,23.0,30a897c2be083ba0f419c5b2cc9ca368,1,b9754f9e21b6e6960b37594d4387fb1c,681fce914360217db47784ae28905a96,2018-05-22 17:31:39,385.0,26.33,83709,araucaria,PR
93689,b9754f9e21b6e6960b37594d4387fb1c,perfumaria,35.0,796.0,1.0,450.0,30.0,13.0,23.0,b03b6e2a421f511cd9f94627ba9910ed,1,b9754f9e21b6e6960b37594d4387fb1c,681fce914360217db47784ae28905a96,2017-10-26 11:26:44,385.0,21.23,83709,araucaria,PR
93690,b9754f9e21b6e6960b37594d4387fb1c,perfumaria,35.0,796.0,1.0,450.0,30.0,13.0,23.0,df65475c6013cd0563e8c2fd9245c378,1,b9754f9e21b6e6960b37594d4387fb1c,681fce914360217db47784ae28905a96,2018-05-04 13:11:08,385.0,18.66,83709,araucaria,PR
93691,b9754f9e21b6e6960b37594d4387fb1c,perfumaria,35.0,796.0,1.0,450.0,30.0,13.0,23.0,e1bf61ad2edc26abb98c7d7f4a8dc47c,1,b9754f9e21b6e6960b37594d4387fb1c,681fce914360217db47784ae28905a96,2018-04-26 19:30:56,385.0,22.74,83709,araucaria,PR
96480,0667b4afff64a57f01669f9af9ce685e,perfumaria,41.0,446.0,2.0,450.0,16.0,11.0,11.0,510489aaadbd8f7064bc8f433b222de9,1,0667b4afff64a57f01669f9af9ce685e,2379bdc3888025689a9deb7b141507d5,2018-07-18 17:58:02,329.9,10.82,13806,mogi mirim,SP
97115,f992bc38a69c993979545475f05ba50f,perfumaria,31.0,1097.0,2.0,308.0,22.0,17.0,20.0,d7db188906a24b4ae6a02dc37693752c,1,f992bc38a69c993979545475f05ba50f,fa74b2f3287d296e9fbd2cc80f2d1cf1,2017-12-22 02:50:38,448.89,14.64,19023,presidente prudente,SP
98898,cf92691b3ee30045224020f9ae5ae42c,perfumaria,51.0,632.0,2.0,467.0,18.0,12.0,18.0,eca3ad869826b027ef93cf88ec6c0e44,1,cf92691b3ee30045224020f9ae5ae42c,a7c88262832dfc683781d6a421edefae,2017-03-17 17:02:01,309.0,13.55,8710,mogi das cruzes,SP
98900,928b6bf553c3a7af6fa44cf124f26108,perfumaria,52.0,736.0,1.0,600.0,19.0,7.0,13.0,1c069d0c943c51535943d8675bd57fdf,1,928b6bf553c3a7af6fa44cf124f26108,a7c88262832dfc683781d6a421edefae,2018-02-18 22:08:25,409.0,17.62,8710,mogi das cruzes,SP
104389,0f9d4a8cb14c962e53120a6f7a3a215a,perfumaria,41.0,230.0,2.0,600.0,20.0,20.0,20.0,e67d0ebb97f45f8b1236cdefef81e212,1,0f9d4a8cb14c962e53120a6f7a3a215a,2305ab43e846518f58dd9d59f3f54e96,2018-05-09 23:10:30,319.99,17.12,8452,sao paulo,SP
104390,e106c818f2f2e0a830fa2bc5c09076d7,perfumaria,33.0,561.0,1.0,381.0,19.0,13.0,15.0,825318ce17c91088b4b6a3ece5aa5222,1,e106c818f2f2e0a830fa2bc5c09076d7,2305ab43e846518f58dd9d59f3f54e96,2018-06-26 15:01:55,329.9,17.41,8452,sao paulo,SP
108081,50847e645fcb3d38dee50e39e4c68c22,perfumaria,55.0,591.0,3.0,16050.0,70.0,102.0,12.0,6fe3414012f04c290481f594b854e6e1,1,50847e645fcb3d38dee50e39e4c68c22,b566ab0ef88016e00422755e305103c6,2018-05-13 23:12:40,648.0,53.66,37640,extrema,MG
